County Code,County,State Code,State
1,Autauga,1,Alabama
3,Baldwin,1,Alabama
5,Barbour,1,Alabama
7,Bibb,1,Alabama
9,Blount,1,Alabama
11,Bullock,1,Alabama
13,Butler,1,Alabama
15,Calhoun,1,Alabama
17,Chambers,1,Alabama
19,Cherokee,1,Alabama
21,Chilton,1,Alabama
23,Choctaw,1,Alabama
25,Clarke,1,Alabama
27,Clay,1,Alabama
29,Cleburne,1,Alabama
31,Coffee,1,Alabama
33,Colbert,1,Alabama
35,Conecuh,1,Alabama
37,Coosa,1,Alabama
39,Covington,1,Alabama
41,Crenshaw,1,Alabama
43,Cullman,1,Alabama
45,Dale,1,Alabama
47,Dallas,1,Alabama
49,De Kalb,1,Alabama
51,Elmore,1,Alabama
53,Escambia,1,Alabama
55,Etowah,1,Alabama
57,Fayette,1,Alabama
59,Franklin,1,Alabama
61,Geneva,1,Alabama
63,Greene,1,Alabama
65,Hale,1,Alabama
67,Henry,1,Alabama
69,Houston,1,Alabama
71,Jackson,1,Alabama
73,Jefferson,1,Alabama
75,Lamar,1,Alabama
77,Lauderdale,1,Alabama
79,Lawrence,1,Alabama
81,Lee,1,Alabama
83,Limestone,1,Alabama
85,Lowndes,1,Alabama
87,Macon,1,Alabama
89,Madison,1,Alabama
91,Marengo,1,Alabama
93,Marion,1,Alabama
95,Marshall,1,Alabama
97,Mobile,1,Alabama
99,Monroe,1,Alabama
101,Montgomery,1,Alabama
103,Morgan,1,Alabama
105,Perry,1,Alabama
107,Pickens,1,Alabama
109,Pike,1,Alabama
111,Randolph,1,Alabama
113,Russell,1,Alabama
115,St Clair,1,Alabama
117,Shelby,1,Alabama
119,Sumter,1,Alabama
121,Talladega,1,Alabama
123,Tallapoosa,1,Alabama
125,Tuscaloosa,1,Alabama
127,Walker,1,Alabama
129,Washington,1,Alabama
131,Wilcox,1,Alabama
133,Winston,1,Alabama
13,Aleutians East,2,Alaska
16,Aleutians West,2,Alaska
20,Anchorage,2,Alaska
50,Bethel,2,Alaska
60,Bristol Bay,2,Alaska
68,Denali,2,Alaska
70,Dillingham,2,Alaska
90,Fairbanks North Star,2,Alaska
100,Haines,2,Alaska
110,Juneau,2,Alaska
122,Kenai Peninsula,2,Alaska
130,Ketchikan Gateway,2,Alaska
150,Kodiak Island,2,Alaska
164,Lake and Peninsula,2,Alaska
170,Matanuska Susitna,2,Alaska
180,Nome,2,Alaska
185,North Slope,2,Alaska
188,Northwest Arctic,2,Alaska
201,Prince Wales Ketchikan,2,Alaska
220,Sitka,2,Alaska
232,Skagway Hoonah Angoon,2,Alaska
240,Southeast Fairbanks,2,Alaska
261,Valdez Cordova,2,Alaska
270,Wade Hampton,2,Alaska
280,Wrangell Petersburg,2,Alaska
282,Yakutat,2,Alaska
290,Yukon Koyukuk,2,Alaska
1,Apache,4,Arizona
3,Cochise,4,Arizona
5,Coconino,4,Arizona
7,Gila,4,Arizona
9,Graham,4,Arizona
11,Greenlee,4,Arizona
12,La Paz,4,Arizona
13,Maricopa,4,Arizona
15,Mohave,4,Arizona
17,Navajo,4,Arizona
19,Pima,4,Arizona
21,Pinal,4,Arizona
23,Santa Cruz,4,Arizona
25,Yavapai,4,Arizona
27,Yuma,4,Arizona
1,Arkansas,5,Arkansas
3,Ashley,5,Arkansas
5,Baxter,5,Arkansas
7,Benton,5,Arkansas
9,Boone,5,Arkansas
11,Bradley,5,Arkansas
13,Calhoun,5,Arkansas
15,Carroll,5,Arkansas
17,Chicot,5,Arkansas
19,Clark,5,Arkansas
21,Clay,5,Arkansas
23,Cleburne,5,Arkansas
25,Cleveland,5,Arkansas
27,Columbia,5,Arkansas
29,Conway,5,Arkansas
31,Craighead,5,Arkansas
33,Crawford,5,Arkansas
35,Crittenden,5,Arkansas
37,Cross,5,Arkansas
39,Dallas,5,Arkansas
41,Desha,5,Arkansas
43,Drew,5,Arkansas
45,Faulkner,5,Arkansas
47,Franklin,5,Arkansas
49,Fulton,5,Arkansas
51,Garland,5,Arkansas
53,Grant,5,Arkansas
55,Greene,5,Arkansas
57,Hempstead,5,Arkansas
59,Hot Spring,5,Arkansas
61,Howard,5,Arkansas
63,Independence,5,Arkansas
65,Izard,5,Arkansas
67,Jackson,5,Arkansas
69,Jefferson,5,Arkansas
71,Johnson,5,Arkansas
73,Lafayette,5,Arkansas
75,Lawrence,5,Arkansas
77,Lee,5,Arkansas
79,Lincoln,5,Arkansas
81,Little River,5,Arkansas
83,Logan,5,Arkansas
85,Lonoke,5,Arkansas
87,Madison,5,Arkansas
89,Marion,5,Arkansas
91,Miller,5,Arkansas
93,Mississippi,5,Arkansas
95,Monroe,5,Arkansas
99,Nevada,5,Arkansas
101,Newton,5,Arkansas
103,Ouachita,5,Arkansas
105,Perry,5,Arkansas
107,Phillips,5,Arkansas
109,Pike,5,Arkansas
111,Poinsett,5,Arkansas
113,Polk,5,Arkansas
115,Pope,5,Arkansas
117,Prairie,5,Arkansas
119,Pulaski,5,Arkansas
121,Randolph,5,Arkansas
123,St Francis,5,Arkansas
125,Saline,5,Arkansas
127,Scott,5,Arkansas
129,Searcy,5,Arkansas
131,Sebastian,5,Arkansas
133,Sevier,5,Arkansas
135,Sharp,5,Arkansas
137,Stone,5,Arkansas
139,Union,5,Arkansas
141,Van Buren,5,Arkansas
143,Washington,5,Arkansas
145,White,5,Arkansas
147,Woodruff,5,Arkansas
149,Yell,5,Arkansas
1,Alameda,6,California
3,Alpine,6,California
5,Amador,6,California
7,Butte,6,California
9,Calaveras,6,California
11,Colusa,6,California
13,Contra Costa,6,California
15,Del Norte,6,California
17,El Dorado,6,California
19,Fresno,6,California
21,Glenn,6,California
23,Humboldt,6,California
25,Imperial,6,California
27,Inyo,6,California
29,Kern,6,California
31,Kings,6,California
33,Lake,6,California
35,Lassen,6,California
37,Los Angeles,6,California
39,Madera,6,California
41,Marin,6,California
43,Mariposa,6,California
45,Mendocino,6,California
47,Merced,6,California
49,Modoc,6,California
51,Mono,6,California
53,Monterey,6,California
55,Napa,6,California
57,Nevada,6,California
59,Orange,6,California
61,Placer,6,California
63,Plumas,6,California
65,Riverside,6,California
67,Sacramento,6,California
69,San Benito,6,California
71,San Bernardino,6,California
73,San Diego,6,California
75,San Francisco,6,California
77,San Joaquin,6,California
79,San Luis Obispo,6,California
81,San Mateo,6,California
83,Santa Barbara,6,California
85,Santa Clara,6,California
87,Santa Cruz,6,California
89,Shasta,6,California
91,Sierra,6,California
93,Siskiyou,6,California
95,Solano,6,California
97,Sonoma,6,California
99,Stanislaus,6,California
101,Sutter,6,California
103,Tehama,6,California
105,Trinity,6,California
107,Tulare,6,California
109,Tuolumne,6,California
111,Ventura,6,California
113,Yolo,6,California
115,Yuba,6,California
1,Adams,8,Colorado
3,Alamosa,8,Colorado
5,Arapahoe,8,Colorado
7,Archuleta,8,Colorado
9,Baca,8,Colorado
11,Bent,8,Colorado
13,Boulder,8,Colorado
14,Broomfield,8,Colorado
15,Chaffee,8,Colorado
17,Cheyenne,8,Colorado
19,Clear Creek,8,Colorado
21,Conejos,8,Colorado
23,Costilla,8,Colorado
25,Crowley,8,Colorado
27,Custer,8,Colorado
29,Delta,8,Colorado
31,Denver,8,Colorado
33,Dolores,8,Colorado
35,Douglas,8,Colorado
37,Eagle,8,Colorado
39,Elbert,8,Colorado
41,El Paso,8,Colorado
43,Fremont,8,Colorado
45,Garfield,8,Colorado
47,Gilpin,8,Colorado
49,Grand,8,Colorado
51,Gunnison,8,Colorado
53,Hinsdale,8,Colorado
55,Huerfano,8,Colorado
57,Jackson,8,Colorado
59,Jefferson,8,Colorado
61,Kiowa,8,Colorado
63,Kit Carson,8,Colorado
65,Lake,8,Colorado
67,La Plata,8,Colorado
69,Larimer,8,Colorado
71,Las Animas,8,Colorado
73,Lincoln,8,Colorado
75,Logan,8,Colorado
77,Mesa,8,Colorado
79,Mineral,8,Colorado
81,Moffat,8,Colorado
83,Montezuma,8,Colorado
85,Montrose,8,Colorado
87,Morgan,8,Colorado
89,Otero,8,Colorado
91,Ouray,8,Colorado
93,Park,8,Colorado
95,Phillips,8,Colorado
97,Pitkin,8,Colorado
99,Prowers,8,Colorado
101,Pueblo,8,Colorado
103,Rio Blanco,8,Colorado
105,Rio Grande,8,Colorado
107,Routt,8,Colorado
109,Saguache,8,Colorado
111,San Juan,8,Colorado
113,San Miguel,8,Colorado
115,Sedgwick,8,Colorado
117,Summit,8,Colorado
119,Teller,8,Colorado
121,Washington,8,Colorado
123,Weld,8,Colorado
125,Yuma,8,Colorado
1,Fairfield,9,Connecticut
3,Hartford,9,Connecticut
5,Litchfield,9,Connecticut
7,Middlesex,9,Connecticut
9,New Haven,9,Connecticut
11,New London,9,Connecticut
13,Tolland,9,Connecticut
15,Windham,9,Connecticut
1,Kent,10,Delaware
3,New Castle,10,Delaware
5,Sussex,10,Delaware
1,District of Columbia,11,District of Columbia
31,Montgomery,11,District of Columbia
1,Alachua,12,Florida
3,Baker,12,Florida
5,Bay,12,Florida
7,Bradford,12,Florida
9,Brevard,12,Florida
11,Broward,12,Florida
13,Calhoun,12,Florida
15,Charlotte,12,Florida
17,Citrus,12,Florida
19,Clay,12,Florida
21,Collier,12,Florida
23,Columbia,12,Florida
27,De Soto,12,Florida
29,Dixie,12,Florida
31,Duval,12,Florida
33,Escambia,12,Florida
35,Flagler,12,Florida
37,Franklin,12,Florida
39,Gadsden,12,Florida
41,Gilchrist,12,Florida
43,Glades,12,Florida
45,Gulf,12,Florida
47,Hamilton,12,Florida
49,Hardee,12,Florida
51,Hendry,12,Florida
53,Hernando,12,Florida
55,Highlands,12,Florida
57,Hillsborough,12,Florida
59,Holmes,12,Florida
61,Indian River,12,Florida
63,Jackson,12,Florida
65,Jefferson,12,Florida
67,Lafayette,12,Florida
69,Lake,12,Florida
71,Lee,12,Florida
73,Leon,12,Florida
75,Levy,12,Florida
77,Liberty,12,Florida
79,Madison,12,Florida
81,Manatee,12,Florida
83,Marion,12,Florida
85,Martin,12,Florida
86,Miami-Dade,12,Florida
87,Monroe,12,Florida
89,Nassau,12,Florida
91,Okaloosa,12,Florida
93,Okeechobee,12,Florida
95,Orange,12,Florida
97,Osceola,12,Florida
99,Palm Beach,12,Florida
101,Pasco,12,Florida
103,Pinellas,12,Florida
105,Polk,12,Florida
107,Putnam,12,Florida
109,St Johns,12,Florida
111,St Lucie,12,Florida
113,Santa Rosa,12,Florida
115,Sarasota,12,Florida
117,Seminole,12,Florida
119,Sumter,12,Florida
121,Suwannee,12,Florida
123,Taylor,12,Florida
125,Union,12,Florida
127,Volusia,12,Florida
129,Wakulla,12,Florida
131,Walton,12,Florida
133,Washington,12,Florida
1,Appling,13,Georgia
3,Atkinson,13,Georgia
5,Bacon,13,Georgia
7,Baker,13,Georgia
9,Baldwin,13,Georgia
11,Banks,13,Georgia
13,Barrow,13,Georgia
15,Bartow,13,Georgia
17,Ben Hill,13,Georgia
19,Berrien,13,Georgia
21,Bibb,13,Georgia
23,Bleckley,13,Georgia
25,Brantley,13,Georgia
27,Brooks,13,Georgia
29,Bryan,13,Georgia
31,Bulloch,13,Georgia
33,Burke,13,Georgia
35,Butts,13,Georgia
37,Calhoun,13,Georgia
39,Camden,13,Georgia
43,Candler,13,Georgia
45,Carroll,13,Georgia
47,Catoosa,13,Georgia
49,Charlton,13,Georgia
51,Chatham,13,Georgia
53,Chattahoochee,13,Georgia
55,Chattooga,13,Georgia
57,Cherokee,13,Georgia
59,Clarke,13,Georgia
61,Clay,13,Georgia
63,Clayton,13,Georgia
65,Clinch,13,Georgia
67,Cobb,13,Georgia
69,Coffee,13,Georgia
71,Colquitt,13,Georgia
73,Columbia,13,Georgia
75,Cook,13,Georgia
77,Coweta,13,Georgia
79,Crawford,13,Georgia
81,Crisp,13,Georgia
83,Dade,13,Georgia
85,Dawson,13,Georgia
87,Decatur,13,Georgia
89,De Kalb,13,Georgia
91,Dodge,13,Georgia
93,Dooly,13,Georgia
95,Dougherty,13,Georgia
97,Douglas,13,Georgia
99,Early,13,Georgia
101,Echols,13,Georgia
103,Effingham,13,Georgia
105,Elbert,13,Georgia
107,Emanuel,13,Georgia
109,Evans,13,Georgia
111,Fannin,13,Georgia
113,Fayette,13,Georgia
115,Floyd,13,Georgia
117,Forsyth,13,Georgia
119,Franklin,13,Georgia
121,Fulton,13,Georgia
123,Gilmer,13,Georgia
125,Glascock,13,Georgia
127,Glynn,13,Georgia
129,Gordon,13,Georgia
131,Grady,13,Georgia
133,Greene,13,Georgia
135,Gwinnett,13,Georgia
137,Habersham,13,Georgia
139,Hall,13,Georgia
141,Hancock,13,Georgia
143,Haralson,13,Georgia
145,Harris,13,Georgia
147,Hart,13,Georgia
149,Heard,13,Georgia
151,Henry,13,Georgia
153,Houston,13,Georgia
155,Irwin,13,Georgia
157,Jackson,13,Georgia
159,Jasper,13,Georgia
161,Jeff Davis,13,Georgia
163,Jefferson,13,Georgia
165,Jenkins,13,Georgia
167,Johnson,13,Georgia
169,Jones,13,Georgia
171,Lamar,13,Georgia
173,Lanier,13,Georgia
175,Laurens,13,Georgia
177,Lee,13,Georgia
179,Liberty,13,Georgia
181,Lincoln,13,Georgia
183,Long,13,Georgia
185,Lowndes,13,Georgia
187,Lumpkin,13,Georgia
189,McDuffie,13,Georgia
191,McIntosh,13,Georgia
193,Macon,13,Georgia
195,Madison,13,Georgia
197,Marion,13,Georgia
199,Meriwether,13,Georgia
201,Miller,13,Georgia
205,Mitchell,13,Georgia
207,Monroe,13,Georgia
209,Montgomery,13,Georgia
211,Morgan,13,Georgia
213,Murray,13,Georgia
215,Muscogee,13,Georgia
217,Newton,13,Georgia
219,Oconee,13,Georgia
221,Oglethorpe,13,Georgia
223,Paulding,13,Georgia
225,Peach,13,Georgia
227,Pickens,13,Georgia
229,Pierce,13,Georgia
231,Pike,13,Georgia
233,Polk,13,Georgia
235,Pulaski,13,Georgia
237,Putnam,13,Georgia
239,Quitman,13,Georgia
241,Rabun,13,Georgia
243,Randolph,13,Georgia
245,Richmond,13,Georgia
247,Rockdale,13,Georgia
249,Schley,13,Georgia
251,Screven,13,Georgia
253,Seminole,13,Georgia
255,Spalding,13,Georgia
257,Stephens,13,Georgia
259,Stewart,13,Georgia
261,Sumter,13,Georgia
263,Talbot,13,Georgia
265,Taliaferro,13,Georgia
267,Tattnall,13,Georgia
269,Taylor,13,Georgia
271,Telfair,13,Georgia
273,Terrell,13,Georgia
275,Thomas,13,Georgia
277,Tift,13,Georgia
279,Toombs,13,Georgia
281,Towns,13,Georgia
283,Treutlen,13,Georgia
285,Troup,13,Georgia
287,Turner,13,Georgia
289,Twiggs,13,Georgia
291,Union,13,Georgia
293,Upson,13,Georgia
295,Walker,13,Georgia
297,Walton,13,Georgia
299,Ware,13,Georgia
301,Warren,13,Georgia
303,Washington,13,Georgia
305,Wayne,13,Georgia
307,Webster,13,Georgia
309,Wheeler,13,Georgia
311,White,13,Georgia
313,Whitfield,13,Georgia
315,Wilcox,13,Georgia
317,Wilkes,13,Georgia
319,Wilkinson,13,Georgia
321,Worth,13,Georgia
1,Hawaii,15,Hawaii
3,Honolulu,15,Hawaii
7,Kauai,15,Hawaii
9,Maui,15,Hawaii
1,Ada,16,Idaho
3,Adams,16,Idaho
5,Bannock,16,Idaho
7,Bear Lake,16,Idaho
9,Benewah,16,Idaho
11,Bingham,16,Idaho
13,Blaine,16,Idaho
15,Boise,16,Idaho
17,Bonner,16,Idaho
19,Bonneville,16,Idaho
21,Boundary,16,Idaho
23,Butte,16,Idaho
25,Camas,16,Idaho
27,Canyon,16,Idaho
29,Caribou,16,Idaho
31,Cassia,16,Idaho
33,Clark,16,Idaho
35,Clearwater,16,Idaho
37,Custer,16,Idaho
39,Elmore,16,Idaho
41,Franklin,16,Idaho
43,Fremont,16,Idaho
45,Gem,16,Idaho
47,Gooding,16,Idaho
49,Idaho,16,Idaho
51,Jefferson,16,Idaho
53,Jerome,16,Idaho
55,Kootenai,16,Idaho
57,Latah,16,Idaho
59,Lemhi,16,Idaho
61,Lewis,16,Idaho
63,Lincoln,16,Idaho
65,Madison,16,Idaho
67,Minidoka,16,Idaho
69,Nez Perce,16,Idaho
71,Oneida,16,Idaho
73,Owyhee,16,Idaho
75,Payette,16,Idaho
77,Power,16,Idaho
79,Shoshone,16,Idaho
81,Teton,16,Idaho
83,Twin Falls,16,Idaho
85,Valley,16,Idaho
87,Washington,16,Idaho
1,Adams,17,Illinois
3,Alexander,17,Illinois
5,Bond,17,Illinois
7,Boone,17,Illinois
9,Brown,17,Illinois
11,Bureau,17,Illinois
13,Calhoun,17,Illinois
15,Carroll,17,Illinois
17,Cass,17,Illinois
19,Champaign,17,Illinois
21,Christian,17,Illinois
23,Clark,17,Illinois
25,Clay,17,Illinois
27,Clinton,17,Illinois
29,Coles,17,Illinois
31,Cook,17,Illinois
33,Crawford,17,Illinois
35,Cumberland,17,Illinois
37,De Kalb,17,Illinois
39,Dewitt,17,Illinois
41,Douglas,17,Illinois
43,Du Page,17,Illinois
45,Edgar,17,Illinois
47,Edwards,17,Illinois
49,Effingham,17,Illinois
51,Fayette,17,Illinois
53,Ford,17,Illinois
55,Franklin,17,Illinois
57,Fulton,17,Illinois
59,Gallatin,17,Illinois
61,Greene,17,Illinois
63,Grundy,17,Illinois
65,Hamilton,17,Illinois
67,Hancock,17,Illinois
69,Hardin,17,Illinois
71,Henderson,17,Illinois
73,Henry,17,Illinois
75,Iroquois,17,Illinois
77,Jackson,17,Illinois
79,Jasper,17,Illinois
81,Jefferson,17,Illinois
83,Jersey,17,Illinois
85,Jo Daviess,17,Illinois
87,Johnson,17,Illinois
89,Kane,17,Illinois
91,Kankakee,17,Illinois
93,Kendall,17,Illinois
95,Knox,17,Illinois
97,Lake,17,Illinois
99,La Salle,17,Illinois
101,Lawrence,17,Illinois
103,Lee,17,Illinois
105,Livingston,17,Illinois
107,Logan,17,Illinois
109,McDonough,17,Illinois
111,McHenry,17,Illinois
113,Mclean,17,Illinois
115,Macon,17,Illinois
117,Macoupin,17,Illinois
119,Madison,17,Illinois
121,Marion,17,Illinois
123,Marshall,17,Illinois
125,Mason,17,Illinois
127,Massac,17,Illinois
129,Menard,17,Illinois
131,Mercer,17,Illinois
133,Monroe,17,Illinois
135,Montgomery,17,Illinois
137,Morgan,17,Illinois
139,Moultrie,17,Illinois
141,Ogle,17,Illinois
143,Peoria,17,Illinois
145,Perry,17,Illinois
147,Piatt,17,Illinois
149,Pike,17,Illinois
151,Pope,17,Illinois
153,Pulaski,17,Illinois
155,Putnam,17,Illinois
157,Randolph,17,Illinois
159,Richland,17,Illinois
161,Rock Island,17,Illinois
163,St Clair,17,Illinois
165,Saline,17,Illinois
167,Sangamon,17,Illinois
169,Schuyler,17,Illinois
171,Scott,17,Illinois
173,Shelby,17,Illinois
175,Stark,17,Illinois
177,Stephenson,17,Illinois
179,Tazewell,17,Illinois
181,Union,17,Illinois
183,Vermilion,17,Illinois
185,Wabash,17,Illinois
187,Warren,17,Illinois
189,Washington,17,Illinois
191,Wayne,17,Illinois
193,White,17,Illinois
195,Whiteside,17,Illinois
197,Will,17,Illinois
199,Williamson,17,Illinois
201,Winnebago,17,Illinois
203,Woodford,17,Illinois
1,Adams,18,Indiana
3,Allen,18,Indiana
5,Bartholomew,18,Indiana
7,Benton,18,Indiana
9,Blackford,18,Indiana
11,Boone,18,Indiana
13,Brown,18,Indiana
15,Carroll,18,Indiana
17,Cass,18,Indiana
19,Clark,18,Indiana
21,Clay,18,Indiana
23,Clinton,18,Indiana
25,Crawford,18,Indiana
27,Daviess,18,Indiana
29,Dearborn,18,Indiana
31,Decatur,18,Indiana
33,De Kalb,18,Indiana
35,Delaware,18,Indiana
37,Dubois,18,Indiana
39,Elkhart,18,Indiana
41,Fayette,18,Indiana
43,Floyd,18,Indiana
45,Fountain,18,Indiana
47,Franklin,18,Indiana
49,Fulton,18,Indiana
51,Gibson,18,Indiana
53,Grant,18,Indiana
55,Greene,18,Indiana
57,Hamilton,18,Indiana
59,Hancock,18,Indiana
61,Harrison,18,Indiana
63,Hendricks,18,Indiana
65,Henry,18,Indiana
67,Howard,18,Indiana
69,Huntington,18,Indiana
71,Jackson,18,Indiana
73,Jasper,18,Indiana
75,Jay,18,Indiana
77,Jefferson,18,Indiana
79,Jennings,18,Indiana
81,Johnson,18,Indiana
83,Knox,18,Indiana
85,Kosciusko,18,Indiana
87,Lagrange,18,Indiana
89,Lake,18,Indiana
91,La Porte,18,Indiana
93,Lawrence,18,Indiana
95,Madison,18,Indiana
97,Marion,18,Indiana
99,Marshall,18,Indiana
101,Martin,18,Indiana
103,Miami,18,Indiana
105,Monroe,18,Indiana
107,Montgomery,18,Indiana
109,Morgan,18,Indiana
111,Newton,18,Indiana
113,Noble,18,Indiana
115,Ohio,18,Indiana
117,Orange,18,Indiana
119,Owen,18,Indiana
121,Parke,18,Indiana
123,Perry,18,Indiana
125,Pike,18,Indiana
127,Porter,18,Indiana
129,Posey,18,Indiana
131,Pulaski,18,Indiana
133,Putnam,18,Indiana
135,Randolph,18,Indiana
137,Ripley,18,Indiana
139,Rush,18,Indiana
141,St Joseph,18,Indiana
143,Scott,18,Indiana
145,Shelby,18,Indiana
147,Spencer,18,Indiana
149,Starke,18,Indiana
151,Steuben,18,Indiana
153,Sullivan,18,Indiana
155,Switzerland,18,Indiana
157,Tippecanoe,18,Indiana
159,Tipton,18,Indiana
161,Union,18,Indiana
163,Vanderburgh,18,Indiana
165,Vermillion,18,Indiana
167,Vigo,18,Indiana
169,Wabash,18,Indiana
171,Warren,18,Indiana
173,Warrick,18,Indiana
175,Washington,18,Indiana
177,Wayne,18,Indiana
179,Wells,18,Indiana
181,White,18,Indiana
183,Whitley,18,Indiana
1,Adair,19,Iowa
3,Adams,19,Iowa
5,Allamakee,19,Iowa
7,Appanoose,19,Iowa
9,Audubon,19,Iowa
11,Benton,19,Iowa
13,Black Hawk,19,Iowa
15,Boone,19,Iowa
17,Bremer,19,Iowa
19,Buchanan,19,Iowa
21,Buena Vista,19,Iowa
23,Butler,19,Iowa
25,Calhoun,19,Iowa
27,Carroll,19,Iowa
29,Cass,19,Iowa
31,Cedar,19,Iowa
33,Cerro Gordo,19,Iowa
35,Cherokee,19,Iowa
37,Chickasaw,19,Iowa
39,Clarke,19,Iowa
41,Clay,19,Iowa
43,Clayton,19,Iowa
45,Clinton,19,Iowa
47,Crawford,19,Iowa
49,Dallas,19,Iowa
51,Davis,19,Iowa
53,Decatur,19,Iowa
55,Delaware,19,Iowa
57,Des Moines,19,Iowa
59,Dickinson,19,Iowa
61,Dubuque,19,Iowa
63,Emmet,19,Iowa
65,Fayette,19,Iowa
67,Floyd,19,Iowa
69,Franklin,19,Iowa
71,Fremont,19,Iowa
73,Greene,19,Iowa
75,Grundy,19,Iowa
77,Guthrie,19,Iowa
79,Hamilton,19,Iowa
81,Hancock,19,Iowa
83,Hardin,19,Iowa
85,Harrison,19,Iowa
87,Henry,19,Iowa
89,Howard,19,Iowa
91,Humboldt,19,Iowa
93,Ida,19,Iowa
95,Iowa,19,Iowa
97,Jackson,19,Iowa
99,Jasper,19,Iowa
101,Jefferson,19,Iowa
103,Johnson,19,Iowa
105,Jones,19,Iowa
107,Keokuk,19,Iowa
109,Kossuth,19,Iowa
111,Lee,19,Iowa
113,Linn,19,Iowa
115,Louisa,19,Iowa
117,Lucas,19,Iowa
119,Lyon,19,Iowa
121,Madison,19,Iowa
123,Mahaska,19,Iowa
125,Marion,19,Iowa
127,Marshall,19,Iowa
129,Mills,19,Iowa
131,Mitchell,19,Iowa
133,Monona,19,Iowa
135,Monroe,19,Iowa
137,Montgomery,19,Iowa
139,Muscatine,19,Iowa
141,Obrien,19,Iowa
143,Osceola,19,Iowa
145,Page,19,Iowa
147,Palo Alto,19,Iowa
149,Plymouth,19,Iowa
151,Pocahontas,19,Iowa
153,Polk,19,Iowa
155,Pottawattamie,19,Iowa
157,Poweshiek,19,Iowa
159,Ringgold,19,Iowa
161,Sac,19,Iowa
163,Scott,19,Iowa
165,Shelby,19,Iowa
167,Sioux,19,Iowa
169,Story,19,Iowa
171,Tama,19,Iowa
173,Taylor,19,Iowa
175,Union,19,Iowa
177,Van Buren,19,Iowa
179,Wapello,19,Iowa
181,Warren,19,Iowa
183,Washington,19,Iowa
185,Wayne,19,Iowa
187,Webster,19,Iowa
189,Winnebago,19,Iowa
191,Winneshiek,19,Iowa
193,Woodbury,19,Iowa
195,Worth,19,Iowa
197,Wright,19,Iowa
1,Allen,20,Kansas
3,Anderson,20,Kansas
5,Atchison,20,Kansas
7,Barber,20,Kansas
9,Barton,20,Kansas
11,Bourbon,20,Kansas
13,Brown,20,Kansas
15,Butler,20,Kansas
17,Chase,20,Kansas
19,Chautauqua,20,Kansas
21,Cherokee,20,Kansas
23,Cheyenne,20,Kansas
25,Clark,20,Kansas
27,Clay,20,Kansas
29,Cloud,20,Kansas
31,Coffey,20,Kansas
33,Comanche,20,Kansas
35,Cowley,20,Kansas
37,Crawford,20,Kansas
39,Decatur,20,Kansas
41,Dickinson,20,Kansas
43,Doniphan,20,Kansas
45,Douglas,20,Kansas
47,Edwards,20,Kansas
49,Elk,20,Kansas
51,Ellis,20,Kansas
53,Ellsworth,20,Kansas
55,Finney,20,Kansas
57,Ford,20,Kansas
59,Franklin,20,Kansas
61,Geary,20,Kansas
63,Gove,20,Kansas
65,Graham,20,Kansas
67,Grant,20,Kansas
69,Gray,20,Kansas
71,Greeley,20,Kansas
73,Greenwood,20,Kansas
75,Hamilton,20,Kansas
77,Harper,20,Kansas
79,Harvey,20,Kansas
81,Haskell,20,Kansas
83,Hodgeman,20,Kansas
85,Jackson,20,Kansas
87,Jefferson,20,Kansas
89,Jewell,20,Kansas
91,Johnson,20,Kansas
93,Kearny,20,Kansas
95,Kingman,20,Kansas
97,Kiowa,20,Kansas
99,Labette,20,Kansas
101,Lane,20,Kansas
103,Leavenworth,20,Kansas
105,Lincoln,20,Kansas
107,Linn,20,Kansas
109,Logan,20,Kansas
111,Lyon,20,Kansas
113,McPherson,20,Kansas
115,Marion,20,Kansas
117,Marshall,20,Kansas
119,Meade,20,Kansas
121,Miami,20,Kansas
123,Mitchell,20,Kansas
125,Montgomery,20,Kansas
127,Morris,20,Kansas
129,Morton,20,Kansas
131,Nemaha,20,Kansas
133,Neosho,20,Kansas
135,Ness,20,Kansas
137,Norton,20,Kansas
139,Osage,20,Kansas
141,Osborne,20,Kansas
143,Ottawa,20,Kansas
145,Pawnee,20,Kansas
147,Phillips,20,Kansas
149,Pottawatomie,20,Kansas
151,Pratt,20,Kansas
153,Rawlins,20,Kansas
155,Reno,20,Kansas
157,Republic,20,Kansas
159,Rice,20,Kansas
161,Riley,20,Kansas
163,Rooks,20,Kansas
165,Rush,20,Kansas
167,Russell,20,Kansas
169,Saline,20,Kansas
171,Scott,20,Kansas
173,Sedgwick,20,Kansas
175,Seward,20,Kansas
177,Shawnee,20,Kansas
179,Sheridan,20,Kansas
181,Sherman,20,Kansas
183,Smith,20,Kansas
185,Stafford,20,Kansas
187,Stanton,20,Kansas
189,Stevens,20,Kansas
191,Sumner,20,Kansas
193,Thomas,20,Kansas
195,Trego,20,Kansas
197,Wabaunsee,20,Kansas
199,Wallace,20,Kansas
201,Washington,20,Kansas
203,Wichita,20,Kansas
205,Wilson,20,Kansas
207,Woodson,20,Kansas
209,Wyandotte,20,Kansas
1,Adair,21,Kentucky
3,Allen,21,Kentucky
5,Anderson,21,Kentucky
7,Ballard,21,Kentucky
9,Barren,21,Kentucky
11,Bath,21,Kentucky
13,Bell,21,Kentucky
15,Boone,21,Kentucky
17,Bourbon,21,Kentucky
19,Boyd,21,Kentucky
21,Boyle,21,Kentucky
23,Bracken,21,Kentucky
25,Breathitt,21,Kentucky
27,Breckinridge,21,Kentucky
29,Bullitt,21,Kentucky
31,Butler,21,Kentucky
33,Caldwell,21,Kentucky
35,Calloway,21,Kentucky
37,Campbell,21,Kentucky
39,Carlisle,21,Kentucky
41,Carroll,21,Kentucky
43,Carter,21,Kentucky
45,Casey,21,Kentucky
47,Christian,21,Kentucky
49,Clark,21,Kentucky
51,Clay,21,Kentucky
53,Clinton,21,Kentucky
55,Crittenden,21,Kentucky
57,Cumberland,21,Kentucky
59,Daviess,21,Kentucky
61,Edmonson,21,Kentucky
63,Elliott,21,Kentucky
65,Estill,21,Kentucky
67,Fayette,21,Kentucky
69,Fleming,21,Kentucky
71,Floyd,21,Kentucky
73,Franklin,21,Kentucky
75,Fulton,21,Kentucky
77,Gallatin,21,Kentucky
79,Garrard,21,Kentucky
81,Grant,21,Kentucky
83,Graves,21,Kentucky
85,Grayson,21,Kentucky
87,Green,21,Kentucky
89,Greenup,21,Kentucky
91,Hancock,21,Kentucky
93,Hardin,21,Kentucky
95,Harlan,21,Kentucky
97,Harrison,21,Kentucky
99,Hart,21,Kentucky
101,Henderson,21,Kentucky
103,Henry,21,Kentucky
105,Hickman,21,Kentucky
107,Hopkins,21,Kentucky
109,Jackson,21,Kentucky
111,Jefferson,21,Kentucky
113,Jessamine,21,Kentucky
115,Johnson,21,Kentucky
117,Kenton,21,Kentucky
119,Knott,21,Kentucky
121,Knox,21,Kentucky
123,Larue,21,Kentucky
125,Laurel,21,Kentucky
127,Lawrence,21,Kentucky
129,Lee,21,Kentucky
131,Leslie,21,Kentucky
133,Letcher,21,Kentucky
135,Lewis,21,Kentucky
137,Lincoln,21,Kentucky
139,Livingston,21,Kentucky
141,Logan,21,Kentucky
143,Lyon,21,Kentucky
145,McCracken,21,Kentucky
147,McCreary,21,Kentucky
149,Mclean,21,Kentucky
151,Madison,21,Kentucky
153,Magoffin,21,Kentucky
155,Marion,21,Kentucky
157,Marshall,21,Kentucky
159,Martin,21,Kentucky
161,Mason,21,Kentucky
163,Meade,21,Kentucky
165,Menifee,21,Kentucky
167,Mercer,21,Kentucky
169,Metcalfe,21,Kentucky
171,Monroe,21,Kentucky
173,Montgomery,21,Kentucky
175,Morgan,21,Kentucky
177,Muhlenberg,21,Kentucky
179,Nelson,21,Kentucky
181,Nicholas,21,Kentucky
183,Ohio,21,Kentucky
185,Oldham,21,Kentucky
187,Owen,21,Kentucky
189,Owsley,21,Kentucky
191,Pendleton,21,Kentucky
193,Perry,21,Kentucky
195,Pike,21,Kentucky
197,Powell,21,Kentucky
199,Pulaski,21,Kentucky
201,Robertson,21,Kentucky
203,Rockcastle,21,Kentucky
205,Rowan,21,Kentucky
207,Russell,21,Kentucky
209,Scott,21,Kentucky
211,Shelby,21,Kentucky
213,Simpson,21,Kentucky
215,Spencer,21,Kentucky
217,Taylor,21,Kentucky
219,Todd,21,Kentucky
221,Trigg,21,Kentucky
223,Trimble,21,Kentucky
225,Union,21,Kentucky
227,Warren,21,Kentucky
229,Washington,21,Kentucky
231,Wayne,21,Kentucky
233,Webster,21,Kentucky
235,Whitley,21,Kentucky
237,Wolfe,21,Kentucky
239,Woodford,21,Kentucky
1,Acadia,22,Louisiana
3,Allen,22,Louisiana
5,Ascension,22,Louisiana
7,Assumption,22,Louisiana
9,Avoyelles,22,Louisiana
11,Beauregard,22,Louisiana
13,Bienville,22,Louisiana
15,Bossier,22,Louisiana
17,Caddo,22,Louisiana
19,Calcasieu,22,Louisiana
21,Caldwell,22,Louisiana
23,Cameron,22,Louisiana
25,Catahoula,22,Louisiana
27,Claiborne,22,Louisiana
29,Concordia,22,Louisiana
31,De Soto,22,Louisiana
33,East Baton Rouge,22,Louisiana
35,East Carroll,22,Louisiana
37,East Feliciana,22,Louisiana
39,Evangeline,22,Louisiana
41,Franklin,22,Louisiana
43,Grant,22,Louisiana
45,Iberia,22,Louisiana
47,Iberville,22,Louisiana
49,Jackson,22,Louisiana
51,Jefferson,22,Louisiana
53,Jefferson Davis,22,Louisiana
55,Lafayette,22,Louisiana
57,Lafourche,22,Louisiana
59,La Salle,22,Louisiana
61,Lincoln,22,Louisiana
63,Livingston,22,Louisiana
65,Madison,22,Louisiana
67,Morehouse,22,Louisiana
69,Natchitoches,22,Louisiana
71,Orleans,22,Louisiana
73,Ouachita,22,Louisiana
75,Plaquemines,22,Louisiana
77,Pointe Coupee,22,Louisiana
79,Rapides,22,Louisiana
81,Red River,22,Louisiana
83,Richland,22,Louisiana
85,Sabine,22,Louisiana
87,St Bernard,22,Louisiana
89,St Charles,22,Louisiana
91,St Helena,22,Louisiana
93,St James,22,Louisiana
95,St John The Baptist,22,Louisiana
97,St Landry,22,Louisiana
99,St Martin,22,Louisiana
101,St Mary,22,Louisiana
103,St Tammany,22,Louisiana
105,Tangipahoa,22,Louisiana
107,Tensas,22,Louisiana
109,Terrebonne,22,Louisiana
111,Union,22,Louisiana
113,Vermilion,22,Louisiana
115,Vernon,22,Louisiana
117,Washington,22,Louisiana
119,Webster,22,Louisiana
121,West Baton Rouge,22,Louisiana
123,West Carroll,22,Louisiana
125,West Feliciana,22,Louisiana
127,Winn,22,Louisiana
1,Androscoggin,23,Maine
3,Aroostook,23,Maine
5,Cumberland,23,Maine
7,Franklin,23,Maine
9,Hancock,23,Maine
11,Kennebec,23,Maine
13,Knox,23,Maine
15,Lincoln,23,Maine
17,Oxford,23,Maine
19,Penobscot,23,Maine
21,Piscataquis,23,Maine
23,Sagadahoc,23,Maine
25,Somerset,23,Maine
27,Waldo,23,Maine
29,Washington,23,Maine
31,York,23,Maine
1,Allegany,24,Maryland
3,Anne Arundel,24,Maryland
5,Baltimore,24,Maryland
9,Calvert,24,Maryland
11,Caroline,24,Maryland
13,Carroll,24,Maryland
15,Cecil,24,Maryland
17,Charles,24,Maryland
19,Dorchester,24,Maryland
21,Frederick,24,Maryland
23,Garrett,24,Maryland
25,Harford,24,Maryland
27,Howard,24,Maryland
29,Kent,24,Maryland
31,Montgomery,24,Maryland
33,Prince Georges,24,Maryland
35,Queen Annes,24,Maryland
37,St Marys,24,Maryland
39,Somerset,24,Maryland
41,Talbot,24,Maryland
43,Washington,24,Maryland
45,Wicomico,24,Maryland
47,Worcester,24,Maryland
510,Baltimore City,24,Maryland
1,Barnstable,25,Massachusetts
3,Berkshire,25,Massachusetts
5,Bristol,25,Massachusetts
7,Dukes,25,Massachusetts
9,Essex,25,Massachusetts
11,Franklin,25,Massachusetts
13,Hampden,25,Massachusetts
15,Hampshire,25,Massachusetts
17,Middlesex,25,Massachusetts
19,Nantucket,25,Massachusetts
21,Norfolk,25,Massachusetts
23,Plymouth,25,Massachusetts
25,Suffolk,25,Massachusetts
27,Worcester,25,Massachusetts
1,Alcona,26,Michigan
3,Alger,26,Michigan
5,Allegan,26,Michigan
7,Alpena,26,Michigan
9,Antrim,26,Michigan
11,Arenac,26,Michigan
13,Baraga,26,Michigan
15,Barry,26,Michigan
17,Bay,26,Michigan
19,Benzie,26,Michigan
21,Berrien,26,Michigan
23,Branch,26,Michigan
25,Calhoun,26,Michigan
27,Cass,26,Michigan
29,Charlevoix,26,Michigan
31,Cheboygan,26,Michigan
33,Chippewa,26,Michigan
35,Clare,26,Michigan
37,Clinton,26,Michigan
39,Crawford,26,Michigan
41,Delta,26,Michigan
43,Dickinson,26,Michigan
45,Eaton,26,Michigan
47,Emmet,26,Michigan
49,Genesee,26,Michigan
51,Gladwin,26,Michigan
53,Gogebic,26,Michigan
55,Grand Traverse,26,Michigan
57,Gratiot,26,Michigan
59,Hillsdale,26,Michigan
61,Houghton,26,Michigan
63,Huron,26,Michigan
65,Ingham,26,Michigan
67,Ionia,26,Michigan
69,Iosco,26,Michigan
71,Iron,26,Michigan
73,Isabella,26,Michigan
75,Jackson,26,Michigan
77,Kalamazoo,26,Michigan
79,Kalkaska,26,Michigan
81,Kent,26,Michigan
83,Keweenaw,26,Michigan
85,Lake,26,Michigan
87,Lapeer,26,Michigan
89,Leelanau,26,Michigan
91,Lenawee,26,Michigan
93,Livingston,26,Michigan
95,Luce,26,Michigan
97,Mackinac,26,Michigan
99,Macomb,26,Michigan
101,Manistee,26,Michigan
103,Marquette,26,Michigan
105,Mason,26,Michigan
107,Mecosta,26,Michigan
109,Menominee,26,Michigan
111,Midland,26,Michigan
113,Missaukee,26,Michigan
115,Monroe,26,Michigan
117,Montcalm,26,Michigan
119,Montmorency,26,Michigan
121,Muskegon,26,Michigan
123,Newaygo,26,Michigan
125,Oakland,26,Michigan
127,Oceana,26,Michigan
129,Ogemaw,26,Michigan
131,Ontonagon,26,Michigan
133,Osceola,26,Michigan
135,Oscoda,26,Michigan
137,Otsego,26,Michigan
139,Ottawa,26,Michigan
141,Presque Isle,26,Michigan
143,Roscommon,26,Michigan
145,Saginaw,26,Michigan
147,St Clair,26,Michigan
149,St Joseph,26,Michigan
151,Sanilac,26,Michigan
153,Schoolcraft,26,Michigan
155,Shiawassee,26,Michigan
157,Tuscola,26,Michigan
159,Van Buren,26,Michigan
161,Washtenaw,26,Michigan
163,Wayne,26,Michigan
165,Wexford,26,Michigan
1,Aitkin,27,Minnesota
3,Anoka,27,Minnesota
5,Becker,27,Minnesota
7,Beltrami,27,Minnesota
9,Benton,27,Minnesota
11,Big Stone,27,Minnesota
13,Blue Earth,27,Minnesota
15,Brown,27,Minnesota
17,Carlton,27,Minnesota
19,Carver,27,Minnesota
21,Cass,27,Minnesota
23,Chippewa,27,Minnesota
25,Chisago,27,Minnesota
27,Clay,27,Minnesota
29,Clearwater,27,Minnesota
31,Cook,27,Minnesota
33,Cottonwood,27,Minnesota
35,Crow Wing,27,Minnesota
37,Dakota,27,Minnesota
39,Dodge,27,Minnesota
41,Douglas,27,Minnesota
43,Faribault,27,Minnesota
45,Fillmore,27,Minnesota
47,Freeborn,27,Minnesota
49,Goodhue,27,Minnesota
51,Grant,27,Minnesota
53,Hennepin,27,Minnesota
55,Houston,27,Minnesota
57,Hubbard,27,Minnesota
59,Isanti,27,Minnesota
61,Itasca,27,Minnesota
63,Jackson,27,Minnesota
65,Kanabec,27,Minnesota
67,Kandiyohi,27,Minnesota
69,Kittson,27,Minnesota
71,Koochiching,27,Minnesota
73,Lac Qui Parle,27,Minnesota
75,Lake,27,Minnesota
77,Lake of The Woods,27,Minnesota
79,Le Sueur,27,Minnesota
81,Lincoln,27,Minnesota
83,Lyon,27,Minnesota
85,McLeod,27,Minnesota
87,Mahnomen,27,Minnesota
89,Marshall,27,Minnesota
91,Martin,27,Minnesota
93,Meeker,27,Minnesota
95,Mille Lacs,27,Minnesota
97,Morrison,27,Minnesota
99,Mower,27,Minnesota
101,Murray,27,Minnesota
103,Nicollet,27,Minnesota
105,Nobles,27,Minnesota
107,Norman,27,Minnesota
109,Olmsted,27,Minnesota
111,Otter Tail,27,Minnesota
113,Pennington,27,Minnesota
115,Pine,27,Minnesota
117,Pipestone,27,Minnesota
119,Polk,27,Minnesota
121,Pope,27,Minnesota
123,Ramsey,27,Minnesota
125,Red Lake,27,Minnesota
127,Redwood,27,Minnesota
129,Renville,27,Minnesota
131,Rice,27,Minnesota
133,Rock,27,Minnesota
135,Roseau,27,Minnesota
137,St Louis,27,Minnesota
139,Scott,27,Minnesota
141,Sherburne,27,Minnesota
143,Sibley,27,Minnesota
145,Stearns,27,Minnesota
147,Steele,27,Minnesota
149,Stevens,27,Minnesota
151,Swift,27,Minnesota
153,Todd,27,Minnesota
155,Traverse,27,Minnesota
157,Wabasha,27,Minnesota
159,Wadena,27,Minnesota
161,Waseca,27,Minnesota
163,Washington,27,Minnesota
165,Watonwan,27,Minnesota
167,Wilkin,27,Minnesota
169,Winona,27,Minnesota
171,Wright,27,Minnesota
173,Yellow Medicine,27,Minnesota
1,Adams,28,Mississippi
3,Alcorn,28,Mississippi
5,Amite,28,Mississippi
7,Attala,28,Mississippi
9,Benton,28,Mississippi
11,Bolivar,28,Mississippi
13,Calhoun,28,Mississippi
15,Carroll,28,Mississippi
17,Chickasaw,28,Mississippi
19,Choctaw,28,Mississippi
21,Claiborne,28,Mississippi
23,Clarke,28,Mississippi
25,Clay,28,Mississippi
27,Coahoma,28,Mississippi
29,Copiah,28,Mississippi
31,Covington,28,Mississippi
33,De Soto,28,Mississippi
35,Forrest,28,Mississippi
37,Franklin,28,Mississippi
39,George,28,Mississippi
41,Greene,28,Mississippi
43,Grenada,28,Mississippi
45,Hancock,28,Mississippi
47,Harrison,28,Mississippi
49,Hinds,28,Mississippi
51,Holmes,28,Mississippi
53,Humphreys,28,Mississippi
55,Issaquena,28,Mississippi
57,Itawamba,28,Mississippi
59,Jackson,28,Mississippi
61,Jasper,28,Mississippi
63,Jefferson,28,Mississippi
65,Jefferson Davis,28,Mississippi
67,Jones,28,Mississippi
69,Kemper,28,Mississippi
71,Lafayette,28,Mississippi
73,Lamar,28,Mississippi
75,Lauderdale,28,Mississippi
77,Lawrence,28,Mississippi
79,Leake,28,Mississippi
81,Lee,28,Mississippi
83,Leflore,28,Mississippi
85,Lincoln,28,Mississippi
87,Lowndes,28,Mississippi
89,Madison,28,Mississippi
91,Marion,28,Mississippi
93,Marshall,28,Mississippi
95,Monroe,28,Mississippi
97,Montgomery,28,Mississippi
99,Neshoba,28,Mississippi
101,Newton,28,Mississippi
103,Noxubee,28,Mississippi
105,Oktibbeha,28,Mississippi
107,Panola,28,Mississippi
109,Pearl River,28,Mississippi
111,Perry,28,Mississippi
113,Pike,28,Mississippi
115,Pontotoc,28,Mississippi
117,Prentiss,28,Mississippi
119,Quitman,28,Mississippi
121,Rankin,28,Mississippi
123,Scott,28,Mississippi
125,Sharkey,28,Mississippi
127,Simpson,28,Mississippi
129,Smith,28,Mississippi
131,Stone,28,Mississippi
133,Sunflower,28,Mississippi
135,Tallahatchie,28,Mississippi
137,Tate,28,Mississippi
139,Tippah,28,Mississippi
141,Tishomingo,28,Mississippi
143,Tunica,28,Mississippi
145,Union,28,Mississippi
147,Walthall,28,Mississippi
149,Warren,28,Mississippi
151,Washington,28,Mississippi
153,Wayne,28,Mississippi
155,Webster,28,Mississippi
157,Wilkinson,28,Mississippi
159,Winston,28,Mississippi
161,Yalobusha,28,Mississippi
163,Yazoo,28,Mississippi
1,Adair,29,Missouri
3,Andrew,29,Missouri
5,Atchison,29,Missouri
7,Audrain,29,Missouri
9,Barry,29,Missouri
11,Barton,29,Missouri
13,Bates,29,Missouri
15,Benton,29,Missouri
17,Bollinger,29,Missouri
19,Boone,29,Missouri
21,Buchanan,29,Missouri
23,Butler,29,Missouri
25,Caldwell,29,Missouri
27,Callaway,29,Missouri
29,Camden,29,Missouri
31,Cape Girardeau,29,Missouri
33,Carroll,29,Missouri
35,Carter,29,Missouri
37,Cass,29,Missouri
39,Cedar,29,Missouri
41,Chariton,29,Missouri
43,Christian,29,Missouri
45,Clark,29,Missouri
47,Clay,29,Missouri
49,Clinton,29,Missouri
51,Cole,29,Missouri
53,Cooper,29,Missouri
55,Crawford,29,Missouri
57,Dade,29,Missouri
59,Dallas,29,Missouri
61,Daviess,29,Missouri
63,Dekalb,29,Missouri
65,Dent,29,Missouri
67,Douglas,29,Missouri
69,Dunklin,29,Missouri
71,Franklin,29,Missouri
73,Gasconade,29,Missouri
75,Gentry,29,Missouri
77,Greene,29,Missouri
79,Grundy,29,Missouri
81,Harrison,29,Missouri
83,Henry,29,Missouri
85,Hickory,29,Missouri
87,Holt,29,Missouri
89,Howard,29,Missouri
91,Howell,29,Missouri
93,Iron,29,Missouri
95,Jackson,29,Missouri
97,Jasper,29,Missouri
99,Jefferson,29,Missouri
101,Johnson,29,Missouri
103,Knox,29,Missouri
105,Laclede,29,Missouri
107,Lafayette,29,Missouri
109,Lawrence,29,Missouri
111,Lewis,29,Missouri
113,Lincoln,29,Missouri
115,Linn,29,Missouri
117,Livingston,29,Missouri
119,Mcdonald,29,Missouri
121,Macon,29,Missouri
123,Madison,29,Missouri
125,Maries,29,Missouri
127,Marion,29,Missouri
129,Mercer,29,Missouri
131,Miller,29,Missouri
133,Mississippi,29,Missouri
135,Moniteau,29,Missouri
137,Monroe,29,Missouri
139,Montgomery,29,Missouri
141,Morgan,29,Missouri
143,New Madrid,29,Missouri
145,Newton,29,Missouri
147,Nodaway,29,Missouri
149,Oregon,29,Missouri
151,Osage,29,Missouri
153,Ozark,29,Missouri
155,Pemiscot,29,Missouri
157,Perry,29,Missouri
159,Pettis,29,Missouri
161,Phelps,29,Missouri
163,Pike,29,Missouri
165,Platte,29,Missouri
167,Polk,29,Missouri
169,Pulaski,29,Missouri
171,Putnam,29,Missouri
173,Ralls,29,Missouri
175,Randolph,29,Missouri
177,Ray,29,Missouri
179,Reynolds,29,Missouri
181,Ripley,29,Missouri
183,St Charles,29,Missouri
185,St Clair,29,Missouri
186,Ste Genevieve,29,Missouri
187,St Francois,29,Missouri
189,St Louis,29,Missouri
195,Saline,29,Missouri
197,Schuyler,29,Missouri
199,Scotland,29,Missouri
201,Scott,29,Missouri
203,Shannon,29,Missouri
205,Shelby,29,Missouri
207,Stoddard,29,Missouri
209,Stone,29,Missouri
211,Sullivan,29,Missouri
213,Taney,29,Missouri
215,Texas,29,Missouri
217,Vernon,29,Missouri
219,Warren,29,Missouri
221,Washington,29,Missouri
223,Wayne,29,Missouri
225,Webster,29,Missouri
227,Worth,29,Missouri
229,Wright,29,Missouri
510,St Louis City,29,Missouri
1,Beaverhead,30,Montana
3,Big Horn,30,Montana
5,Blaine,30,Montana
7,Broadwater,30,Montana
9,Carbon,30,Montana
11,Carter,30,Montana
13,Cascade,30,Montana
15,Chouteau,30,Montana
17,Custer,30,Montana
19,Daniels,30,Montana
21,Dawson,30,Montana
23,Deer Lodge,30,Montana
25,Fallon,30,Montana
27,Fergus,30,Montana
29,Flathead,30,Montana
31,Gallatin,30,Montana
33,Garfield,30,Montana
35,Glacier,30,Montana
37,Golden Valley,30,Montana
39,Granite,30,Montana
41,Hill,30,Montana
43,Jefferson,30,Montana
45,Judith Basin,30,Montana
47,Lake,30,Montana
49,Lewis and Clark,30,Montana
51,Liberty,30,Montana
53,Lincoln,30,Montana
55,McCone,30,Montana
57,Madison,30,Montana
59,Meagher,30,Montana
61,Mineral,30,Montana
63,Missoula,30,Montana
65,Musselshell,30,Montana
67,Park,30,Montana
69,Petroleum,30,Montana
71,Phillips,30,Montana
73,Pondera,30,Montana
75,Powder River,30,Montana
77,Powell,30,Montana
79,Prairie,30,Montana
81,Ravalli,30,Montana
83,Richland,30,Montana
85,Roosevelt,30,Montana
87,Rosebud,30,Montana
89,Sanders,30,Montana
91,Sheridan,30,Montana
93,Silver Bow,30,Montana
95,Stillwater,30,Montana
97,Sweet Grass,30,Montana
99,Teton,30,Montana
101,Toole,30,Montana
103,Treasure,30,Montana
105,Valley,30,Montana
107,Wheatland,30,Montana
109,Wibaux,30,Montana
111,Yellowstone,30,Montana
1,Adams,31,Nebraska
3,Antelope,31,Nebraska
5,Arthur,31,Nebraska
7,Banner,31,Nebraska
9,Blaine,31,Nebraska
11,Boone,31,Nebraska
13,Box Butte,31,Nebraska
15,Boyd,31,Nebraska
17,Brown,31,Nebraska
19,Buffalo,31,Nebraska
21,Burt,31,Nebraska
23,Butler,31,Nebraska
25,Cass,31,Nebraska
27,Cedar,31,Nebraska
29,Chase,31,Nebraska
31,Cherry,31,Nebraska
33,Cheyenne,31,Nebraska
35,Clay,31,Nebraska
37,Colfax,31,Nebraska
39,Cuming,31,Nebraska
41,Custer,31,Nebraska
43,Dakota,31,Nebraska
45,Dawes,31,Nebraska
47,Dawson,31,Nebraska
49,Deuel,31,Nebraska
51,Dixon,31,Nebraska
53,Dodge,31,Nebraska
55,Douglas,31,Nebraska
57,Dundy,31,Nebraska
59,Fillmore,31,Nebraska
61,Franklin,31,Nebraska
63,Frontier,31,Nebraska
65,Furnas,31,Nebraska
67,Gage,31,Nebraska
69,Garden,31,Nebraska
71,Garfield,31,Nebraska
73,Gosper,31,Nebraska
75,Grant,31,Nebraska
77,Greeley,31,Nebraska
79,Hall,31,Nebraska
81,Hamilton,31,Nebraska
83,Harlan,31,Nebraska
85,Hayes,31,Nebraska
87,Hitchcock,31,Nebraska
89,Holt,31,Nebraska
91,Hooker,31,Nebraska
93,Howard,31,Nebraska
95,Jefferson,31,Nebraska
97,Johnson,31,Nebraska
99,Kearney,31,Nebraska
101,Keith,31,Nebraska
103,Keya Paha,31,Nebraska
105,Kimball,31,Nebraska
107,Knox,31,Nebraska
109,Lancaster,31,Nebraska
111,Lincoln,31,Nebraska
113,Logan,31,Nebraska
115,Loup,31,Nebraska
117,McPherson,31,Nebraska
119,Madison,31,Nebraska
121,Merrick,31,Nebraska
123,Morrill,31,Nebraska
125,Nance,31,Nebraska
127,Nemaha,31,Nebraska
129,Nuckolls,31,Nebraska
131,Otoe,31,Nebraska
133,Pawnee,31,Nebraska
135,Perkins,31,Nebraska
137,Phelps,31,Nebraska
139,Pierce,31,Nebraska
141,Platte,31,Nebraska
143,Polk,31,Nebraska
145,Red Willow,31,Nebraska
147,Richardson,31,Nebraska
149,Rock,31,Nebraska
151,Saline,31,Nebraska
153,Sarpy,31,Nebraska
155,Saunders,31,Nebraska
157,Scotts Bluff,31,Nebraska
159,Seward,31,Nebraska
161,Sheridan,31,Nebraska
163,Sherman,31,Nebraska
165,Sioux,31,Nebraska
167,Stanton,31,Nebraska
169,Thayer,31,Nebraska
171,Thomas,31,Nebraska
173,Thurston,31,Nebraska
175,Valley,31,Nebraska
177,Washington,31,Nebraska
179,Wayne,31,Nebraska
181,Webster,31,Nebraska
183,Wheeler,31,Nebraska
185,York,31,Nebraska
1,Churchill,32,Nevada
3,Clark,32,Nevada
5,Douglas,32,Nevada
7,Elko,32,Nevada
9,Esmeralda,32,Nevada
11,Eureka,32,Nevada
13,Humboldt,32,Nevada
15,Lander,32,Nevada
17,Lincoln,32,Nevada
19,Lyon,32,Nevada
21,Mineral,32,Nevada
23,Nye,32,Nevada
27,Pershing,32,Nevada
29,Storey,32,Nevada
31,Washoe,32,Nevada
33,White Pine,32,Nevada
510,Carson City,32,Nevada
1,Belknap,33,New Hampshire
3,Carroll,33,New Hampshire
5,Cheshire,33,New Hampshire
7,Coos,33,New Hampshire
9,Grafton,33,New Hampshire
11,Hillsborough,33,New Hampshire
13,Merrimack,33,New Hampshire
15,Rockingham,33,New Hampshire
17,Strafford,33,New Hampshire
19,Sullivan,33,New Hampshire
1,Atlantic,34,New Jersey
3,Bergen,34,New Jersey
5,Burlington,34,New Jersey
7,Camden,34,New Jersey
9,Cape May,34,New Jersey
11,Cumberland,34,New Jersey
13,Essex,34,New Jersey
15,Gloucester,34,New Jersey
17,Hudson,34,New Jersey
19,Hunterdon,34,New Jersey
21,Mercer,34,New Jersey
23,Middlesex,34,New Jersey
25,Monmouth,34,New Jersey
27,Morris,34,New Jersey
29,Ocean,34,New Jersey
31,Passaic,34,New Jersey
33,Salem,34,New Jersey
35,Somerset,34,New Jersey
37,Sussex,34,New Jersey
39,Union,34,New Jersey
41,Warren,34,New Jersey
1,Bernalillo,35,New Mexico
3,Catron,35,New Mexico
5,Chaves,35,New Mexico
6,Cibola,35,New Mexico
7,Colfax,35,New Mexico
9,Curry,35,New Mexico
11,De Baca,35,New Mexico
13,Dona Ana,35,New Mexico
15,Eddy,35,New Mexico
17,Grant,35,New Mexico
19,Guadalupe,35,New Mexico
21,Harding,35,New Mexico
23,Hidalgo,35,New Mexico
25,Lea,35,New Mexico
27,Lincoln,35,New Mexico
28,Los Alamos,35,New Mexico
29,Luna,35,New Mexico
31,Mckinley,35,New Mexico
33,Mora,35,New Mexico
35,Otero,35,New Mexico
37,Quay,35,New Mexico
39,Rio Arriba,35,New Mexico
41,Roosevelt,35,New Mexico
43,Sandoval,35,New Mexico
45,San Juan,35,New Mexico
47,San Miguel,35,New Mexico
49,Santa Fe,35,New Mexico
51,Sierra,35,New Mexico
53,Socorro,35,New Mexico
55,Taos,35,New Mexico
57,Torrance,35,New Mexico
59,Union,35,New Mexico
61,Valencia,35,New Mexico
1,Albany,36,New York
3,Allegany,36,New York
5,Bronx,36,New York
7,Broome,36,New York
9,Cattaraugus,36,New York
11,Cayuga,36,New York
13,Chautauqua,36,New York
15,Chemung,36,New York
17,Chenango,36,New York
19,Clinton,36,New York
21,Columbia,36,New York
23,Cortland,36,New York
25,Delaware,36,New York
27,Dutchess,36,New York
29,Erie,36,New York
31,Essex,36,New York
33,Franklin,36,New York
35,Fulton,36,New York
37,Genesee,36,New York
39,Greene,36,New York
41,Hamilton,36,New York
43,Herkimer,36,New York
45,Jefferson,36,New York
47,Kings,36,New York
49,Lewis,36,New York
51,Livingston,36,New York
53,Madison,36,New York
55,Monroe,36,New York
57,Montgomery,36,New York
59,Nassau,36,New York
61,New York,36,New York
63,Niagara,36,New York
65,Oneida,36,New York
67,Onondaga,36,New York
69,Ontario,36,New York
71,Orange,36,New York
73,Orleans,36,New York
75,Oswego,36,New York
77,Otsego,36,New York
79,Putnam,36,New York
81,Queens,36,New York
83,Rensselaer,36,New York
85,Richmond,36,New York
87,Rockland,36,New York
89,St Lawrence,36,New York
91,Saratoga,36,New York
93,Schenectady,36,New York
95,Schoharie,36,New York
97,Schuyler,36,New York
99,Seneca,36,New York
101,Steuben,36,New York
103,Suffolk,36,New York
105,Sullivan,36,New York
107,Tioga,36,New York
109,Tompkins,36,New York
111,Ulster,36,New York
113,Warren,36,New York
115,Washington,36,New York
117,Wayne,36,New York
119,Westchester,36,New York
121,Wyoming,36,New York
123,Yates,36,New York
1,Alamance,37,North Carolina
3,Alexander,37,North Carolina
5,Alleghany,37,North Carolina
7,Anson,37,North Carolina
9,Ashe,37,North Carolina
11,Avery,37,North Carolina
13,Beaufort,37,North Carolina
15,Bertie,37,North Carolina
17,Bladen,37,North Carolina
19,Brunswick,37,North Carolina
21,Buncombe,37,North Carolina
23,Burke,37,North Carolina
25,Cabarrus,37,North Carolina
27,Caldwell,37,North Carolina
29,Camden,37,North Carolina
31,Carteret,37,North Carolina
33,Caswell,37,North Carolina
35,Catawba,37,North Carolina
37,Chatham,37,North Carolina
39,Cherokee,37,North Carolina
41,Chowan,37,North Carolina
43,Clay,37,North Carolina
45,Cleveland,37,North Carolina
47,Columbus,37,North Carolina
49,Craven,37,North Carolina
51,Cumberland,37,North Carolina
53,Currituck,37,North Carolina
55,Dare,37,North Carolina
57,Davidson,37,North Carolina
59,Davie,37,North Carolina
61,Duplin,37,North Carolina
63,Durham,37,North Carolina
65,Edgecombe,37,North Carolina
67,Forsyth,37,North Carolina
69,Franklin,37,North Carolina
71,Gaston,37,North Carolina
73,Gates,37,North Carolina
75,Graham,37,North Carolina
77,Granville,37,North Carolina
79,Greene,37,North Carolina
81,Guilford,37,North Carolina
83,Halifax,37,North Carolina
85,Harnett,37,North Carolina
87,Haywood,37,North Carolina
89,Henderson,37,North Carolina
91,Hertford,37,North Carolina
93,Hoke,37,North Carolina
95,Hyde,37,North Carolina
97,Iredell,37,North Carolina
99,Jackson,37,North Carolina
101,Johnston,37,North Carolina
103,Jones,37,North Carolina
105,Lee,37,North Carolina
107,Lenoir,37,North Carolina
109,Lincoln,37,North Carolina
111,McDowell,37,North Carolina
113,Macon,37,North Carolina
115,Madison,37,North Carolina
117,Martin,37,North Carolina
119,Mecklenburg,37,North Carolina
121,Mitchell,37,North Carolina
123,Montgomery,37,North Carolina
125,Moore,37,North Carolina
127,Nash,37,North Carolina
129,New Hanover,37,North Carolina
131,Northampton,37,North Carolina
133,Onslow,37,North Carolina
135,Orange,37,North Carolina
137,Pamlico,37,North Carolina
139,Pasquotank,37,North Carolina
141,Pender,37,North Carolina
143,Perquimans,37,North Carolina
145,Person,37,North Carolina
147,Pitt,37,North Carolina
149,Polk,37,North Carolina
151,Randolph,37,North Carolina
153,Richmond,37,North Carolina
155,Robeson,37,North Carolina
157,Rockingham,37,North Carolina
159,Rowan,37,North Carolina
161,Rutherford,37,North Carolina
163,Sampson,37,North Carolina
165,Scotland,37,North Carolina
167,Stanly,37,North Carolina
169,Stokes,37,North Carolina
171,Surry,37,North Carolina
173,Swain,37,North Carolina
175,Transylvania,37,North Carolina
177,Tyrrell,37,North Carolina
179,Union,37,North Carolina
181,Vance,37,North Carolina
183,Wake,37,North Carolina
185,Warren,37,North Carolina
187,Washington,37,North Carolina
189,Watauga,37,North Carolina
191,Wayne,37,North Carolina
193,Wilkes,37,North Carolina
195,Wilson,37,North Carolina
197,Yadkin,37,North Carolina
199,Yancey,37,North Carolina
1,Adams,38,North Dakota
3,Barnes,38,North Dakota
5,Benson,38,North Dakota
7,Billings,38,North Dakota
9,Bottineau,38,North Dakota
11,Bowman,38,North Dakota
13,Burke,38,North Dakota
15,Burleigh,38,North Dakota
17,Cass,38,North Dakota
19,Cavalier,38,North Dakota
21,Dickey,38,North Dakota
23,Divide,38,North Dakota
25,Dunn,38,North Dakota
27,Eddy,38,North Dakota
29,Emmons,38,North Dakota
31,Foster,38,North Dakota
33,Golden Valley,38,North Dakota
35,Grand Forks,38,North Dakota
37,Grant,38,North Dakota
39,Griggs,38,North Dakota
41,Hettinger,38,North Dakota
43,Kidder,38,North Dakota
45,Lamoure,38,North Dakota
47,Logan,38,North Dakota
49,McHenry,38,North Dakota
51,McIntosh,38,North Dakota
53,Mckenzie,38,North Dakota
55,Mclean,38,North Dakota
57,Mercer,38,North Dakota
59,Morton,38,North Dakota
61,Mountrail,38,North Dakota
63,Nelson,38,North Dakota
65,Oliver,38,North Dakota
67,Pembina,38,North Dakota
69,Pierce,38,North Dakota
71,Ramsey,38,North Dakota
73,Ransom,38,North Dakota
75,Renville,38,North Dakota
77,Richland,38,North Dakota
79,Rolette,38,North Dakota
81,Sargent,38,North Dakota
83,Sheridan,38,North Dakota
85,Sioux,38,North Dakota
87,Slope,38,North Dakota
89,Stark,38,North Dakota
91,Steele,38,North Dakota
93,Stutsman,38,North Dakota
95,Towner,38,North Dakota
97,Traill,38,North Dakota
99,Walsh,38,North Dakota
101,Ward,38,North Dakota
103,Wells,38,North Dakota
105,Williams,38,North Dakota
1,Adams,39,Ohio
3,Allen,39,Ohio
5,Ashland,39,Ohio
7,Ashtabula,39,Ohio
9,Athens,39,Ohio
11,Auglaize,39,Ohio
13,Belmont,39,Ohio
15,Brown,39,Ohio
17,Butler,39,Ohio
19,Carroll,39,Ohio
21,Champaign,39,Ohio
23,Clark,39,Ohio
25,Clermont,39,Ohio
27,Clinton,39,Ohio
29,Columbiana,39,Ohio
31,Coshocton,39,Ohio
33,Crawford,39,Ohio
35,Cuyahoga,39,Ohio
37,Darke,39,Ohio
39,Defiance,39,Ohio
41,Delaware,39,Ohio
43,Erie,39,Ohio
45,Fairfield,39,Ohio
47,Fayette,39,Ohio
49,Franklin,39,Ohio
51,Fulton,39,Ohio
53,Gallia,39,Ohio
55,Geauga,39,Ohio
57,Greene,39,Ohio
59,Guernsey,39,Ohio
61,Hamilton,39,Ohio
63,Hancock,39,Ohio
65,Hardin,39,Ohio
67,Harrison,39,Ohio
69,Henry,39,Ohio
71,Highland,39,Ohio
73,Hocking,39,Ohio
75,Holmes,39,Ohio
77,Huron,39,Ohio
79,Jackson,39,Ohio
81,Jefferson,39,Ohio
83,Knox,39,Ohio
85,Lake,39,Ohio
87,Lawrence,39,Ohio
89,Licking,39,Ohio
91,Logan,39,Ohio
93,Lorain,39,Ohio
95,Lucas,39,Ohio
97,Madison,39,Ohio
99,Mahoning,39,Ohio
101,Marion,39,Ohio
103,Medina,39,Ohio
105,Meigs,39,Ohio
107,Mercer,39,Ohio
109,Miami,39,Ohio
111,Monroe,39,Ohio
113,Montgomery,39,Ohio
115,Morgan,39,Ohio
117,Morrow,39,Ohio
119,Muskingum,39,Ohio
121,Noble,39,Ohio
123,Ottawa,39,Ohio
125,Paulding,39,Ohio
127,Perry,39,Ohio
129,Pickaway,39,Ohio
131,Pike,39,Ohio
133,Portage,39,Ohio
135,Preble,39,Ohio
137,Putnam,39,Ohio
139,Richland,39,Ohio
141,Ross,39,Ohio
143,Sandusky,39,Ohio
145,Scioto,39,Ohio
147,Seneca,39,Ohio
149,Shelby,39,Ohio
151,Stark,39,Ohio
153,Summit,39,Ohio
155,Trumbull,39,Ohio
157,Tuscarawas,39,Ohio
159,Union,39,Ohio
161,Van Wert,39,Ohio
163,Vinton,39,Ohio
165,Warren,39,Ohio
167,Washington,39,Ohio
169,Wayne,39,Ohio
171,Williams,39,Ohio
173,Wood,39,Ohio
175,Wyandot,39,Ohio
1,Adair,40,Oklahoma
3,Alfalfa,40,Oklahoma
5,Atoka,40,Oklahoma
7,Beaver,40,Oklahoma
9,Beckham,40,Oklahoma
11,Blaine,40,Oklahoma
13,Bryan,40,Oklahoma
15,Caddo,40,Oklahoma
17,Canadian,40,Oklahoma
19,Carter,40,Oklahoma
21,Cherokee,40,Oklahoma
23,Choctaw,40,Oklahoma
25,Cimarron,40,Oklahoma
27,Cleveland,40,Oklahoma
29,Coal,40,Oklahoma
31,Comanche,40,Oklahoma
33,Cotton,40,Oklahoma
35,Craig,40,Oklahoma
37,Creek,40,Oklahoma
39,Custer,40,Oklahoma
41,Delaware,40,Oklahoma
43,Dewey,40,Oklahoma
45,Ellis,40,Oklahoma
47,Garfield,40,Oklahoma
49,Garvin,40,Oklahoma
51,Grady,40,Oklahoma
53,Grant,40,Oklahoma
55,Greer,40,Oklahoma
57,Harmon,40,Oklahoma
59,Harper,40,Oklahoma
61,Haskell,40,Oklahoma
63,Hughes,40,Oklahoma
65,Jackson,40,Oklahoma
67,Jefferson,40,Oklahoma
69,Johnston,40,Oklahoma
71,Kay,40,Oklahoma
73,Kingfisher,40,Oklahoma
75,Kiowa,40,Oklahoma
77,Latimer,40,Oklahoma
79,Le Flore,40,Oklahoma
81,Lincoln,40,Oklahoma
83,Logan,40,Oklahoma
85,Love,40,Oklahoma
87,Mcclain,40,Oklahoma
89,McCurtain,40,Oklahoma
91,McIntosh,40,Oklahoma
93,Major,40,Oklahoma
95,Marshall,40,Oklahoma
97,Mayes,40,Oklahoma
99,Murray,40,Oklahoma
101,Muskogee,40,Oklahoma
103,Noble,40,Oklahoma
105,Nowata,40,Oklahoma
107,Okfuskee,40,Oklahoma
109,Oklahoma,40,Oklahoma
111,Okmulgee,40,Oklahoma
113,Osage,40,Oklahoma
115,Ottawa,40,Oklahoma
117,Pawnee,40,Oklahoma
119,Payne,40,Oklahoma
121,Pittsburg,40,Oklahoma
123,Pontotoc,40,Oklahoma
125,Pottawatomie,40,Oklahoma
127,Pushmataha,40,Oklahoma
129,Roger Mills,40,Oklahoma
131,Rogers,40,Oklahoma
133,Seminole,40,Oklahoma
135,Sequoyah,40,Oklahoma
137,Stephens,40,Oklahoma
139,Texas,40,Oklahoma
141,Tillman,40,Oklahoma
143,Tulsa,40,Oklahoma
145,Wagoner,40,Oklahoma
147,Washington,40,Oklahoma
149,Washita,40,Oklahoma
151,Woods,40,Oklahoma
153,Woodward,40,Oklahoma
1,Baker,41,Oregon
3,Benton,41,Oregon
5,Clackamas,41,Oregon
7,Clatsop,41,Oregon
9,Columbia,41,Oregon
11,Coos,41,Oregon
13,Crook,41,Oregon
15,Curry,41,Oregon
17,Deschutes,41,Oregon
19,Douglas,41,Oregon
21,Gilliam,41,Oregon
23,Grant,41,Oregon
25,Harney,41,Oregon
27,Hood River,41,Oregon
29,Jackson,41,Oregon
31,Jefferson,41,Oregon
33,Josephine,41,Oregon
35,Klamath,41,Oregon
37,Lake,41,Oregon
39,Lane,41,Oregon
41,Lincoln,41,Oregon
43,Linn,41,Oregon
45,Malheur,41,Oregon
47,Marion,41,Oregon
49,Morrow,41,Oregon
51,Multnomah,41,Oregon
53,Polk,41,Oregon
55,Sherman,41,Oregon
57,Tillamook,41,Oregon
59,Umatilla,41,Oregon
61,Union,41,Oregon
63,Wallowa,41,Oregon
65,Wasco,41,Oregon
67,Washington,41,Oregon
69,Wheeler,41,Oregon
71,Yamhill,41,Oregon
1,Adams,42,Pennsylvania
3,Allegheny,42,Pennsylvania
5,Armstrong,42,Pennsylvania
7,Beaver,42,Pennsylvania
9,Bedford,42,Pennsylvania
11,Berks,42,Pennsylvania
13,Blair,42,Pennsylvania
15,Bradford,42,Pennsylvania
17,Bucks,42,Pennsylvania
19,Butler,42,Pennsylvania
21,Cambria,42,Pennsylvania
23,Cameron,42,Pennsylvania
25,Carbon,42,Pennsylvania
27,Centre,42,Pennsylvania
29,Chester,42,Pennsylvania
31,Clarion,42,Pennsylvania
33,Clearfield,42,Pennsylvania
35,Clinton,42,Pennsylvania
37,Columbia,42,Pennsylvania
39,Crawford,42,Pennsylvania
41,Cumberland,42,Pennsylvania
43,Dauphin,42,Pennsylvania
45,Delaware,42,Pennsylvania
47,Elk,42,Pennsylvania
49,Erie,42,Pennsylvania
51,Fayette,42,Pennsylvania
53,Forest,42,Pennsylvania
55,Franklin,42,Pennsylvania
57,Fulton,42,Pennsylvania
59,Greene,42,Pennsylvania
61,Huntingdon,42,Pennsylvania
63,Indiana,42,Pennsylvania
65,Jefferson,42,Pennsylvania
67,Juniata,42,Pennsylvania
69,Lackawanna,42,Pennsylvania
71,Lancaster,42,Pennsylvania
73,Lawrence,42,Pennsylvania
75,Lebanon,42,Pennsylvania
77,Lehigh,42,Pennsylvania
79,Luzerne,42,Pennsylvania
81,Lycoming,42,Pennsylvania
83,McKean,42,Pennsylvania
85,Mercer,42,Pennsylvania
87,Mifflin,42,Pennsylvania
89,Monroe,42,Pennsylvania
91,Montgomery,42,Pennsylvania
93,Montour,42,Pennsylvania
95,Northampton,42,Pennsylvania
97,Northumberland,42,Pennsylvania
99,Perry,42,Pennsylvania
101,Philadelphia,42,Pennsylvania
103,Pike,42,Pennsylvania
105,Potter,42,Pennsylvania
107,Schuylkill,42,Pennsylvania
109,Snyder,42,Pennsylvania
111,Somerset,42,Pennsylvania
113,Sullivan,42,Pennsylvania
115,Susquehanna,42,Pennsylvania
117,Tioga,42,Pennsylvania
119,Union,42,Pennsylvania
121,Venango,42,Pennsylvania
123,Warren,42,Pennsylvania
125,Washington,42,Pennsylvania
127,Wayne,42,Pennsylvania
129,Westmoreland,42,Pennsylvania
131,Wyoming,42,Pennsylvania
133,York,42,Pennsylvania
1,Bristol,44,Rhode Island
3,Kent,44,Rhode Island
5,Newport,44,Rhode Island
7,Providence,44,Rhode Island
9,Washington,44,Rhode Island
1,Abbeville,45,South Carolina
3,Aiken,45,South Carolina
5,Allendale,45,South Carolina
7,Anderson,45,South Carolina
9,Bamberg,45,South Carolina
11,Barnwell,45,South Carolina
13,Beaufort,45,South Carolina
15,Berkeley,45,South Carolina
17,Calhoun,45,South Carolina
19,Charleston,45,South Carolina
21,Cherokee,45,South Carolina
23,Chester,45,South Carolina
25,Chesterfield,45,South Carolina
27,Clarendon,45,South Carolina
29,Colleton,45,South Carolina
31,Darlington,45,South Carolina
33,Dillon,45,South Carolina
35,Dorchester,45,South Carolina
37,Edgefield,45,South Carolina
39,Fairfield,45,South Carolina
41,Florence,45,South Carolina
43,Georgetown,45,South Carolina
45,Greenville,45,South Carolina
47,Greenwood,45,South Carolina
49,Hampton,45,South Carolina
51,Horry,45,South Carolina
53,Jasper,45,South Carolina
55,Kershaw,45,South Carolina
57,Lancaster,45,South Carolina
59,Laurens,45,South Carolina
61,Lee,45,South Carolina
63,Lexington,45,South Carolina
65,McCormick,45,South Carolina
67,Marion,45,South Carolina
69,Marlboro,45,South Carolina
71,Newberry,45,South Carolina
73,Oconee,45,South Carolina
75,Orangeburg,45,South Carolina
77,Pickens,45,South Carolina
79,Richland,45,South Carolina
81,Saluda,45,South Carolina
83,Spartanburg,45,South Carolina
85,Sumter,45,South Carolina
87,Union,45,South Carolina
89,Williamsburg,45,South Carolina
91,York,45,South Carolina
3,Aurora,46,South Dakota
5,Beadle,46,South Dakota
7,Bennett,46,South Dakota
9,Bon Homme,46,South Dakota
11,Brookings,46,South Dakota
13,Brown,46,South Dakota
15,Brule,46,South Dakota
17,Buffalo,46,South Dakota
19,Butte,46,South Dakota
21,Campbell,46,South Dakota
23,Charles Mix,46,South Dakota
25,Clark,46,South Dakota
27,Clay,46,South Dakota
29,Codington,46,South Dakota
31,Corson,46,South Dakota
33,Custer,46,South Dakota
35,Davison,46,South Dakota
37,Day,46,South Dakota
39,Deuel,46,South Dakota
41,Dewey,46,South Dakota
43,Douglas,46,South Dakota
45,Edmunds,46,South Dakota
47,Fall River,46,South Dakota
49,Faulk,46,South Dakota
51,Grant,46,South Dakota
53,Gregory,46,South Dakota
55,Haakon,46,South Dakota
57,Hamlin,46,South Dakota
59,Hand,46,South Dakota
61,Hanson,46,South Dakota
63,Harding,46,South Dakota
65,Hughes,46,South Dakota
67,Hutchinson,46,South Dakota
69,Hyde,46,South Dakota
71,Jackson,46,South Dakota
73,Jerauld,46,South Dakota
75,Jones,46,South Dakota
77,Kingsbury,46,South Dakota
79,Lake,46,South Dakota
81,Lawrence,46,South Dakota
83,Lincoln,46,South Dakota
85,Lyman,46,South Dakota
87,McCook,46,South Dakota
89,McPherson,46,South Dakota
91,Marshall,46,South Dakota
93,Meade,46,South Dakota
95,Mellette,46,South Dakota
97,Miner,46,South Dakota
99,Minnehaha,46,South Dakota
101,Moody,46,South Dakota
103,Pennington,46,South Dakota
105,Perkins,46,South Dakota
107,Potter,46,South Dakota
109,Roberts,46,South Dakota
111,Sanborn,46,South Dakota
113,Shannon,46,South Dakota
115,Spink,46,South Dakota
117,Stanley,46,South Dakota
119,Sully,46,South Dakota
121,Todd,46,South Dakota
123,Tripp,46,South Dakota
125,Turner,46,South Dakota
127,Union,46,South Dakota
129,Walworth,46,South Dakota
135,Yankton,46,South Dakota
137,Ziebach,46,South Dakota
1,Anderson,47,Tennessee
3,Bedford,47,Tennessee
5,Benton,47,Tennessee
7,Bledsoe,47,Tennessee
9,Blount,47,Tennessee
11,Bradley,47,Tennessee
13,Campbell,47,Tennessee
15,Cannon,47,Tennessee
17,Carroll,47,Tennessee
19,Carter,47,Tennessee
21,Cheatham,47,Tennessee
23,Chester,47,Tennessee
25,Claiborne,47,Tennessee
27,Clay,47,Tennessee
29,Cocke,47,Tennessee
31,Coffee,47,Tennessee
33,Crockett,47,Tennessee
35,Cumberland,47,Tennessee
37,Davidson,47,Tennessee
39,Decatur,47,Tennessee
41,Dekalb,47,Tennessee
43,Dickson,47,Tennessee
45,Dyer,47,Tennessee
47,Fayette,47,Tennessee
49,Fentress,47,Tennessee
51,Franklin,47,Tennessee
53,Gibson,47,Tennessee
55,Giles,47,Tennessee
57,Grainger,47,Tennessee
59,Greene,47,Tennessee
61,Grundy,47,Tennessee
63,Hamblen,47,Tennessee
65,Hamilton,47,Tennessee
67,Hancock,47,Tennessee
69,Hardeman,47,Tennessee
71,Hardin,47,Tennessee
73,Hawkins,47,Tennessee
75,Haywood,47,Tennessee
77,Henderson,47,Tennessee
79,Henry,47,Tennessee
81,Hickman,47,Tennessee
83,Houston,47,Tennessee
85,Humphreys,47,Tennessee
87,Jackson,47,Tennessee
89,Jefferson,47,Tennessee
91,Johnson,47,Tennessee
93,Knox,47,Tennessee
95,Lake,47,Tennessee
97,Lauderdale,47,Tennessee
99,Lawrence,47,Tennessee
101,Lewis,47,Tennessee
103,Lincoln,47,Tennessee
105,Loudon,47,Tennessee
107,McMinn,47,Tennessee
109,McNairy,47,Tennessee
111,Macon,47,Tennessee
113,Madison,47,Tennessee
115,Marion,47,Tennessee
117,Marshall,47,Tennessee
119,Maury,47,Tennessee
121,Meigs,47,Tennessee
123,Monroe,47,Tennessee
125,Montgomery,47,Tennessee
127,Moore,47,Tennessee
129,Morgan,47,Tennessee
131,Obion,47,Tennessee
133,Overton,47,Tennessee
135,Perry,47,Tennessee
137,Pickett,47,Tennessee
139,Polk,47,Tennessee
141,Putnam,47,Tennessee
143,Rhea,47,Tennessee
145,Roane,47,Tennessee
147,Robertson,47,Tennessee
149,Rutherford,47,Tennessee
151,Scott,47,Tennessee
153,Sequatchie,47,Tennessee
155,Sevier,47,Tennessee
157,Shelby,47,Tennessee
159,Smith,47,Tennessee
161,Stewart,47,Tennessee
163,Sullivan,47,Tennessee
165,Sumner,47,Tennessee
167,Tipton,47,Tennessee
169,Trousdale,47,Tennessee
171,Unicoi,47,Tennessee
173,Union,47,Tennessee
175,Van Buren,47,Tennessee
177,Warren,47,Tennessee
179,Washington,47,Tennessee
181,Wayne,47,Tennessee
183,Weakley,47,Tennessee
185,White,47,Tennessee
187,Williamson,47,Tennessee
189,Wilson,47,Tennessee
1,Anderson,48,Texas
3,Andrews,48,Texas
5,Angelina,48,Texas
7,Aransas,48,Texas
9,Archer,48,Texas
11,Armstrong,48,Texas
13,Atascosa,48,Texas
15,Austin,48,Texas
17,Bailey,48,Texas
19,Bandera,48,Texas
21,Bastrop,48,Texas
23,Baylor,48,Texas
25,Bee,48,Texas
27,Bell,48,Texas
29,Bexar,48,Texas
31,Blanco,48,Texas
33,Borden,48,Texas
35,Bosque,48,Texas
37,Bowie,48,Texas
39,Brazoria,48,Texas
41,Brazos,48,Texas
43,Brewster,48,Texas
45,Briscoe,48,Texas
47,Brooks,48,Texas
49,Brown,48,Texas
51,Burleson,48,Texas
53,Burnet,48,Texas
55,Caldwell,48,Texas
57,Calhoun,48,Texas
59,Callahan,48,Texas
61,Cameron,48,Texas
63,Camp,48,Texas
65,Carson,48,Texas
67,Cass,48,Texas
69,Castro,48,Texas
71,Chambers,48,Texas
73,Cherokee,48,Texas
75,Childress,48,Texas
77,Clay,48,Texas
79,Cochran,48,Texas
81,Coke,48,Texas
83,Coleman,48,Texas
85,Collin,48,Texas
87,Collingsworth,48,Texas
89,Colorado,48,Texas
91,Comal,48,Texas
93,Comanche,48,Texas
95,Concho,48,Texas
97,Cooke,48,Texas
99,Coryell,48,Texas
101,Cottle,48,Texas
103,Crane,48,Texas
105,Crockett,48,Texas
107,Crosby,48,Texas
109,Culberson,48,Texas
111,Dallam,48,Texas
113,Dallas,48,Texas
115,Dawson,48,Texas
117,Deaf Smith,48,Texas
119,Delta,48,Texas
121,Denton,48,Texas
123,De Witt,48,Texas
125,Dickens,48,Texas
127,Dimmit,48,Texas
129,Donley,48,Texas
131,Duval,48,Texas
133,Eastland,48,Texas
135,Ector,48,Texas
137,Edwards,48,Texas
139,Ellis,48,Texas
141,El Paso,48,Texas
143,Erath,48,Texas
145,Falls,48,Texas
147,Fannin,48,Texas
149,Fayette,48,Texas
151,Fisher,48,Texas
153,Floyd,48,Texas
155,Foard,48,Texas
157,Fort Bend,48,Texas
159,Franklin,48,Texas
161,Freestone,48,Texas
163,Frio,48,Texas
165,Gaines,48,Texas
167,Galveston,48,Texas
169,Garza,48,Texas
171,Gillespie,48,Texas
173,Glasscock,48,Texas
175,Goliad,48,Texas
177,Gonzales,48,Texas
179,Gray,48,Texas
181,Grayson,48,Texas
183,Gregg,48,Texas
185,Grimes,48,Texas
187,Guadalupe,48,Texas
189,Hale,48,Texas
191,Hall,48,Texas
193,Hamilton,48,Texas
195,Hansford,48,Texas
197,Hardeman,48,Texas
199,Hardin,48,Texas
201,Harris,48,Texas
203,Harrison,48,Texas
205,Hartley,48,Texas
207,Haskell,48,Texas
209,Hays,48,Texas
211,Hemphill,48,Texas
213,Henderson,48,Texas
215,Hidalgo,48,Texas
217,Hill,48,Texas
219,Hockley,48,Texas
221,Hood,48,Texas
223,Hopkins,48,Texas
225,Houston,48,Texas
227,Howard,48,Texas
229,Hudspeth,48,Texas
231,Hunt,48,Texas
233,Hutchinson,48,Texas
235,Irion,48,Texas
237,Jack,48,Texas
239,Jackson,48,Texas
241,Jasper,48,Texas
243,Jeff Davis,48,Texas
245,Jefferson,48,Texas
247,Jim Hogg,48,Texas
249,Jim Wells,48,Texas
251,Johnson,48,Texas
253,Jones,48,Texas
255,Karnes,48,Texas
257,Kaufman,48,Texas
259,Kendall,48,Texas
261,Kenedy,48,Texas
263,Kent,48,Texas
265,Kerr,48,Texas
267,Kimble,48,Texas
269,King,48,Texas
271,Kinney,48,Texas
273,Kleberg,48,Texas
275,Knox,48,Texas
277,Lamar,48,Texas
279,Lamb,48,Texas
281,Lampasas,48,Texas
283,La Salle,48,Texas
285,Lavaca,48,Texas
287,Lee,48,Texas
289,Leon,48,Texas
291,Liberty,48,Texas
293,Limestone,48,Texas
295,Lipscomb,48,Texas
297,Live Oak,48,Texas
299,Llano,48,Texas
301,Loving,48,Texas
303,Lubbock,48,Texas
305,Lynn,48,Texas
307,McCulloch,48,Texas
309,McLennan,48,Texas
311,McMullen,48,Texas
313,Madison,48,Texas
315,Marion,48,Texas
317,Martin,48,Texas
319,Mason,48,Texas
321,Matagorda,48,Texas
323,Maverick,48,Texas
325,Medina,48,Texas
327,Menard,48,Texas
329,Midland,48,Texas
331,Milam,48,Texas
333,Mills,48,Texas
335,Mitchell,48,Texas
337,Montague,48,Texas
339,Montgomery,48,Texas
341,Moore,48,Texas
343,Morris,48,Texas
345,Motley,48,Texas
347,Nacogdoches,48,Texas
349,Navarro,48,Texas
351,Newton,48,Texas
353,Nolan,48,Texas
355,Nueces,48,Texas
357,Ochiltree,48,Texas
359,Oldham,48,Texas
361,Orange,48,Texas
363,Palo Pinto,48,Texas
365,Panola,48,Texas
367,Parker,48,Texas
369,Parmer,48,Texas
371,Pecos,48,Texas
373,Polk,48,Texas
375,Potter,48,Texas
377,Presidio,48,Texas
379,Rains,48,Texas
381,Randall,48,Texas
383,Reagan,48,Texas
385,Real,48,Texas
387,Red River,48,Texas
389,Reeves,48,Texas
391,Refugio,48,Texas
393,Roberts,48,Texas
395,Robertson,48,Texas
397,Rockwall,48,Texas
399,Runnels,48,Texas
401,Rusk,48,Texas
403,Sabine,48,Texas
405,San Augustine,48,Texas
407,San Jacinto,48,Texas
409,San Patricio,48,Texas
411,San Saba,48,Texas
413,Schleicher,48,Texas
415,Scurry,48,Texas
417,Shackelford,48,Texas
419,Shelby,48,Texas
421,Sherman,48,Texas
423,Smith,48,Texas
425,Somervell,48,Texas
427,Starr,48,Texas
429,Stephens,48,Texas
431,Sterling,48,Texas
433,Stonewall,48,Texas
435,Sutton,48,Texas
437,Swisher,48,Texas
439,Tarrant,48,Texas
441,Taylor,48,Texas
443,Terrell,48,Texas
445,Terry,48,Texas
447,Throckmorton,48,Texas
449,Titus,48,Texas
451,Tom Green,48,Texas
453,Travis,48,Texas
455,Trinity,48,Texas
457,Tyler,48,Texas
459,Upshur,48,Texas
461,Upton,48,Texas
463,Uvalde,48,Texas
465,Val Verde,48,Texas
467,Van Zandt,48,Texas
469,Victoria,48,Texas
471,Walker,48,Texas
473,Waller,48,Texas
475,Ward,48,Texas
477,Washington,48,Texas
479,Webb,48,Texas
481,Wharton,48,Texas
483,Wheeler,48,Texas
485,Wichita,48,Texas
487,Wilbarger,48,Texas
489,Willacy,48,Texas
491,Williamson,48,Texas
493,Wilson,48,Texas
495,Winkler,48,Texas
497,Wise,48,Texas
499,Wood,48,Texas
501,Yoakum,48,Texas
503,Young,48,Texas
505,Zapata,48,Texas
507,Zavala,48,Texas
1,Beaver,49,Utah
3,Box Elder,49,Utah
5,Cache,49,Utah
7,Carbon,49,Utah
9,Daggett,49,Utah
11,Davis,49,Utah
13,Duchesne,49,Utah
15,Emery,49,Utah
17,Garfield,49,Utah
19,Grand,49,Utah
21,Iron,49,Utah
23,Juab,49,Utah
25,Kane,49,Utah
27,Millard,49,Utah
29,Morgan,49,Utah
31,Piute,49,Utah
33,Rich,49,Utah
35,Salt Lake,49,Utah
37,San Juan,49,Utah
39,Sanpete,49,Utah
41,Sevier,49,Utah
43,Summit,49,Utah
45,Tooele,49,Utah
47,Uintah,49,Utah
49,Utah,49,Utah
51,Wasatch,49,Utah
53,Washington,49,Utah
55,Wayne,49,Utah
57,Weber,49,Utah
1,Addison,50,Vermont
3,Bennington,50,Vermont
5,Caledonia,50,Vermont
7,Chittenden,50,Vermont
9,Essex,50,Vermont
11,Franklin,50,Vermont
13,Grand Isle,50,Vermont
15,Lamoille,50,Vermont
17,Orange,50,Vermont
19,Orleans,50,Vermont
21,Rutland,50,Vermont
23,Washington,50,Vermont
25,Windham,50,Vermont
27,Windsor,50,Vermont
1,Accomack,51,Virginia
3,Albemarle,51,Virginia
5,Alleghany,51,Virginia
7,Amelia,51,Virginia
9,Amherst,51,Virginia
11,Appomattox,51,Virginia
13,Arlington,51,Virginia
15,Augusta,51,Virginia
17,Bath,51,Virginia
19,Bedford,51,Virginia
21,Bland,51,Virginia
23,Botetourt,51,Virginia
25,Brunswick,51,Virginia
27,Buchanan,51,Virginia
29,Buckingham,51,Virginia
31,Campbell,51,Virginia
33,Caroline,51,Virginia
35,Carroll,51,Virginia
36,Charles City,51,Virginia
37,Charlotte,51,Virginia
41,Chesterfield,51,Virginia
43,Clarke,51,Virginia
45,Craig,51,Virginia
47,Culpeper,51,Virginia
49,Cumberland,51,Virginia
51,Dickenson,51,Virginia
53,Dinwiddie,51,Virginia
57,Essex,51,Virginia
59,Fairfax,51,Virginia
61,Fauquier,51,Virginia
63,Floyd,51,Virginia
65,Fluvanna,51,Virginia
67,Franklin,51,Virginia
69,Frederick,51,Virginia
71,Giles,51,Virginia
73,Gloucester,51,Virginia
75,Goochland,51,Virginia
77,Grayson,51,Virginia
79,Greene,51,Virginia
81,Greensville,51,Virginia
83,Halifax,51,Virginia
85,Hanover,51,Virginia
87,Henrico,51,Virginia
89,Henry,51,Virginia
91,Highland,51,Virginia
93,Isle of Wight,51,Virginia
95,James City,51,Virginia
97,King and Queen,51,Virginia
99,King George,51,Virginia
101,King William,51,Virginia
103,Lancaster,51,Virginia
105,Lee,51,Virginia
107,Loudoun,51,Virginia
109,Louisa,51,Virginia
111,Lunenburg,51,Virginia
113,Madison,51,Virginia
115,Mathews,51,Virginia
117,Mecklenburg,51,Virginia
119,Middlesex,51,Virginia
121,Montgomery,51,Virginia
125,Nelson,51,Virginia
127,New Kent,51,Virginia
131,Northampton,51,Virginia
133,Northumberland,51,Virginia
135,Nottoway,51,Virginia
137,Orange,51,Virginia
139,Page,51,Virginia
141,Patrick,51,Virginia
143,Pittsylvania,51,Virginia
145,Powhatan,51,Virginia
147,Prince Edward,51,Virginia
149,Prince George,51,Virginia
153,Prince William,51,Virginia
155,Pulaski,51,Virginia
157,Rappahannock,51,Virginia
159,Richmond,51,Virginia
161,Roanoke,51,Virginia
163,Rockbridge,51,Virginia
165,Rockingham,51,Virginia
167,Russell,51,Virginia
169,Scott,51,Virginia
171,Shenandoah,51,Virginia
173,Smyth,51,Virginia
175,Southampton,51,Virginia
177,Spotsylvania,51,Virginia
179,Stafford,51,Virginia
181,Surry,51,Virginia
183,Sussex,51,Virginia
185,Tazewell,51,Virginia
187,Warren,51,Virginia
191,Washington,51,Virginia
193,Westmoreland,51,Virginia
195,Wise,51,Virginia
197,Wythe,51,Virginia
199,York,51,Virginia
510,Alexandria City,51,Virginia
515,Bedford City,51,Virginia
520,Bristol City,51,Virginia
530,Buena Vista City,51,Virginia
540,Charlottesville City,51,Virginia
550,Chesapeake City,51,Virginia
560,Clifton Forge City,51,Virginia
570,Colonial Heights City,51,Virginia
580,Covington City,51,Virginia
590,Danville City,51,Virginia
595,Emporia City,51,Virginia
600,Fairfax City,51,Virginia
610,Falls Church City,51,Virginia
620,Franklin City,51,Virginia
630,Fredericksburg City,51,Virginia
640,Galax City,51,Virginia
650,Hampton City,51,Virginia
660,Harrisonburg City,51,Virginia
670,Hopewell City,51,Virginia
678,Lexington City,51,Virginia
680,Lynchburg City,51,Virginia
683,Manassas City,51,Virginia
685,Manassas Park City,51,Virginia
690,Martinsville City,51,Virginia
700,Newport News City,51,Virginia
710,Norfolk City,51,Virginia
720,Norton City,51,Virginia
730,Petersburg City,51,Virginia
735,Poquoson City,51,Virginia
740,Portsmouth City,51,Virginia
750,Radford,51,Virginia
760,Richmond City,51,Virginia
770,Roanoke City,51,Virginia
775,Salem City,51,Virginia
780,South Boston City,51,Virginia
790,Staunton City,51,Virginia
800,Suffolk City,51,Virginia
810,Virginia Beach City,51,Virginia
820,Waynesboro City,51,Virginia
830,Williamsburg City,51,Virginia
840,Winchester City,51,Virginia
1,Adams,53,Washington
3,Asotin,53,Washington
5,Benton,53,Washington
7,Chelan,53,Washington
9,Clallam,53,Washington
11,Clark,53,Washington
13,Columbia,53,Washington
15,Cowlitz,53,Washington
17,Douglas,53,Washington
19,Ferry,53,Washington
21,Franklin,53,Washington
23,Garfield,53,Washington
25,Grant,53,Washington
27,Grays Harbor,53,Washington
29,Island,53,Washington
31,Jefferson,53,Washington
33,King,53,Washington
35,Kitsap,53,Washington
37,Kittitas,53,Washington
39,Klickitat,53,Washington
41,Lewis,53,Washington
43,Lincoln,53,Washington
45,Mason,53,Washington
47,Okanogan,53,Washington
49,Pacific,53,Washington
51,Pend Oreille,53,Washington
53,Pierce,53,Washington
55,San Juan,53,Washington
57,Skagit,53,Washington
59,Skamania,53,Washington
61,Snohomish,53,Washington
63,Spokane,53,Washington
65,Stevens,53,Washington
67,Thurston,53,Washington
69,Wahkiakum,53,Washington
71,Walla Walla,53,Washington
73,Whatcom,53,Washington
75,Whitman,53,Washington
77,Yakima,53,Washington
1,Barbour,54,West Virginia
3,Berkeley,54,West Virginia
5,Boone,54,West Virginia
7,Braxton,54,West Virginia
9,Brooke,54,West Virginia
11,Cabell,54,West Virginia
13,Calhoun,54,West Virginia
15,Clay,54,West Virginia
17,Doddridge,54,West Virginia
19,Fayette,54,West Virginia
21,Gilmer,54,West Virginia
23,Grant,54,West Virginia
25,Greenbrier,54,West Virginia
27,Hampshire,54,West Virginia
29,Hancock,54,West Virginia
31,Hardy,54,West Virginia
33,Harrison,54,West Virginia
35,Jackson,54,West Virginia
37,Jefferson,54,West Virginia
39,Kanawha,54,West Virginia
41,Lewis,54,West Virginia
43,Lincoln,54,West Virginia
45,Logan,54,West Virginia
47,McDowell,54,West Virginia
49,Marion,54,West Virginia
51,Marshall,54,West Virginia
53,Mason,54,West Virginia
55,Mercer,54,West Virginia
57,Mineral,54,West Virginia
59,Mingo,54,West Virginia
61,Monongalia,54,West Virginia
63,Monroe,54,West Virginia
65,Morgan,54,West Virginia
67,Nicholas,54,West Virginia
69,Ohio,54,West Virginia
71,Pendleton,54,West Virginia
73,Pleasants,54,West Virginia
75,Pocahontas,54,West Virginia
77,Preston,54,West Virginia
79,Putnam,54,West Virginia
81,Raleigh,54,West Virginia
83,Randolph,54,West Virginia
85,Ritchie,54,West Virginia
87,Roane,54,West Virginia
89,Summers,54,West Virginia
91,Taylor,54,West Virginia
93,Tucker,54,West Virginia
95,Tyler,54,West Virginia
97,Upshur,54,West Virginia
99,Wayne,54,West Virginia
101,Webster,54,West Virginia
103,Wetzel,54,West Virginia
105,Wirt,54,West Virginia
107,Wood,54,West Virginia
109,Wyoming,54,West Virginia
1,Adams,55,Wisconsin
3,Ashland,55,Wisconsin
5,Barron,55,Wisconsin
7,Bayfield,55,Wisconsin
9,Brown,55,Wisconsin
11,Buffalo,55,Wisconsin
13,Burnett,55,Wisconsin
15,Calumet,55,Wisconsin
17,Chippewa,55,Wisconsin
19,Clark,55,Wisconsin
21,Columbia,55,Wisconsin
23,Crawford,55,Wisconsin
25,Dane,55,Wisconsin
27,Dodge,55,Wisconsin
29,Door,55,Wisconsin
31,Douglas,55,Wisconsin
33,Dunn,55,Wisconsin
35,Eau Claire,55,Wisconsin
37,Florence,55,Wisconsin
39,Fond Du Lac,55,Wisconsin
41,Forest,55,Wisconsin
43,Grant,55,Wisconsin
45,Green,55,Wisconsin
47,Green Lake,55,Wisconsin
49,Iowa,55,Wisconsin
51,Iron,55,Wisconsin
53,Jackson,55,Wisconsin
55,Jefferson,55,Wisconsin
57,Juneau,55,Wisconsin
59,Kenosha,55,Wisconsin
61,Kewaunee,55,Wisconsin
63,La Crosse,55,Wisconsin
65,Lafayette,55,Wisconsin
67,Langlade,55,Wisconsin
69,Lincoln,55,Wisconsin
71,Manitowoc,55,Wisconsin
73,Marathon,55,Wisconsin
75,Marinette,55,Wisconsin
77,Marquette,55,Wisconsin
78,Menominee,55,Wisconsin
79,Milwaukee,55,Wisconsin
81,Monroe,55,Wisconsin
83,Oconto,55,Wisconsin
85,Oneida,55,Wisconsin
87,Outagamie,55,Wisconsin
89,Ozaukee,55,Wisconsin
91,Pepin,55,Wisconsin
93,Pierce,55,Wisconsin
95,Polk,55,Wisconsin
97,Portage,55,Wisconsin
99,Price,55,Wisconsin
101,Racine,55,Wisconsin
103,Richland,55,Wisconsin
105,Rock,55,Wisconsin
107,Rusk,55,Wisconsin
109,St Croix,55,Wisconsin
111,Sauk,55,Wisconsin
113,Sawyer,55,Wisconsin
115,Shawano,55,Wisconsin
117,Sheboygan,55,Wisconsin
119,Taylor,55,Wisconsin
121,Trempealeau,55,Wisconsin
123,Vernon,55,Wisconsin
125,Vilas,55,Wisconsin
127,Walworth,55,Wisconsin
129,Washburn,55,Wisconsin
131,Washington,55,Wisconsin
133,Waukesha,55,Wisconsin
135,Waupaca,55,Wisconsin
137,Waushara,55,Wisconsin
139,Winnebago,55,Wisconsin
141,Wood,55,Wisconsin
1,Albany,56,Wyoming
3,Big Horn,56,Wyoming
5,Campbell,56,Wyoming
7,Carbon,56,Wyoming
9,Converse,56,Wyoming
11,Crook,56,Wyoming
13,Fremont,56,Wyoming
15,Goshen,56,Wyoming
17,Hot Springs,56,Wyoming
19,Johnson,56,Wyoming
21,Laramie,56,Wyoming
23,Lincoln,56,Wyoming
25,Natrona,56,Wyoming
27,Niobrara,56,Wyoming
29,Park,56,Wyoming
31,Platte,56,Wyoming
33,Sheridan,56,Wyoming
35,Sublette,56,Wyoming
37,Sweetwater,56,Wyoming
39,Teton,56,Wyoming
41,Uinta,56,Wyoming
43,Washakie,56,Wyoming
45,Weston,56,Wyoming
